null,name,image,Salty,Savory,Sour,Bitter,Sweet,Spicy,materials
,커피샹그리아,https://recipe1.ezmember.co.kr/cache/recipe/2015/05/01/8529126f94082ec8e1a9c024d85f834a1_m.jpg,17,17,17,17,83,0,"사과 1/4개,  배 1/4개,  오렌지 1개,  레몬(또는 레몬주스) 1/2개,  머루포도 7~8알,  자두 1개,  화이트와인 300ml,  사이다 500ml,  백설탕 3T,  커피 150ml,  얼음 약간"
,체리블러썸,https://recipe1.ezmember.co.kr/cache/recipe/2015/06/04/3b3da4327cc7a868e88ec184e90d04c81_m.jpg,17,17,17,17,83,0,"일본술 50ml [양념] 자몽주스 100ml,  스프라이트 350ml"
,Kahlua Milk,https://recipe1.ezmember.co.kr/cache/recipe/2015/06/04/5b1c93d25b9ababa0884b55249794b7b1_m.jpg,17,17,17,83,17,0,"에스프레소 60ml,  우유 100ml,  깔루아 2큰술(30ml),  얼음 6조각,  시나몬가루(없으면생략)"
,Mojito,https://recipe1.ezmember.co.kr/cache/recipe/2019/08/09/612e672194ee884d69e93a6da091d3c61_m.jpg,17,17,17,17,0,0,"라임 1개,  럼,  애플민트 2줌,  설탕 1스푼,  탄산수,  얼음"
,소주 모히또,https://recipe1.ezmember.co.kr/cache/recipe/2022/05/19/0d298bf5640d96d9cfc2fb40364ea0721_m.jpg,0,0,0,0,50,0,"라임 1~2개,  시럽 또는 꿀 2~3큰술,  바질잎 15~20장,  소금 1꼬집,  소주 1병"
,망고아일랜드,https://recipe1.ezmember.co.kr/cache/recipe/2016/11/06/311e29d4959467f7fa1cd84d7ba4bbfa1_m.jpg,17,17,17,17,83,0,"망고시럽 15ml,  망고주스 20ml,  스위트&샤워믹스 20ml,  클럽소다 Fill 적당량,  블루큐라소 1T"
,인삼칵테일,https://recipe1.ezmember.co.kr/cache/recipe/2016/12/16/1c6b6290493ff8a274e38a0771657ded1_m.jpg,17,0,17,50,17,50,"인삼 2뿌리,  파프리카(3색) 1/4개씩,  체리토마토 10알,  체리 4~5개,  키위 1개,  블루베리 10알,  진 1/2온즈,  우유 2온즈"
,허밍 플라워,https://recipe1.ezmember.co.kr/cache/recipe/2017/01/10/c86276205bf0a54753cae7807dceaafb1_m.jpg,0,0,50,17,67,0,"립톤 클래식 얼그레이 60ml,  레몬 주스 300ml,  라벤더 시럽 30ml,  로즈 시럽 20ml"
,자몽소주 칵테일,https://recipe1.ezmember.co.kr/cache/recipe/2017/02/18/0947bbeea8d2a1339069c26d1f6eb4431_m.jpg,0,0,0,0,50,0,"자몽소주 2소주잔,  토닉 !장미토닉이 없음 일반토닉가능 2병 x200ml,  자몽 1개,  얼음,  말린 자몽 또는 오렌지 2슬라이스,  칵테일용 빨대 2개,  칵테일용수저 1개"
,Non Alchol Mojito,https://recipe1.ezmember.co.kr/cache/recipe/2019/08/09/612e672194ee884d69e93a6da091d3c61_m.jpg,17,17,17,17,83,0,"레몬시럽 4큰술,  민트잎 7장,  라임 슬라이스 4쪽,  사이다 200ml,  얼음 1컵"
,자두칵테일,https://recipe1.ezmember.co.kr/cache/recipe/2017/07/29/173e128e214634d085e50ddbe48ca0901_m.jpg,17,17,17,17,0,0,"자두 3개,  꿀 1큰술,  럼주 2큰술,  라임즙 1작은술,  탄산수 1/2컵,  얼음 적당량"
,포도칵테일,https://recipe1.ezmember.co.kr/cache/recipe/2017/08/05/6dd0d5caac157fb7633b635ee73d66241_m.jpg,17,17,17,17,0,0,"포도 1송이,  포도알 3개,  럼주 1큰술,  라임즙 1작은술,  꿀 1큰술,  탄산수 1/2컵,  얼음 3덩어리"
,Sangria,https://recipe1.ezmember.co.kr/cache/recipe/2016/11/18/d462889833dc12838f8a4ffa4aa4eb501_m.jpg,0,0,50,17,67,0,"레몬 1개,  자몽 1/2개,  자두 2개,  와인 600ml,  얼음 취향껏넉넉히,  탄산수 500ml"
,청포도맥주,https://recipe1.ezmember.co.kr/cache/recipe/2017/10/22/028394eaccbac140dc40632deda248941_m.jpg,0,0,0,17,50,0,"맥주 1캔,  포도봉봉 1캔"
,블루베리 칵테일,https://recipe1.ezmember.co.kr/cache/recipe/2018/12/02/5ddb032cd8b64c02db34e77ed90cdd0f1_m.jpg,17,17,17,17,83,0,"무알콜맥주 1캔(330ml),  홍초 1/4컵(50ml),  (냉동)블루베리 40알(약 40g),  사이다 1컵(200ml),  로즈메리 1자밤"
,Jack Coke,https://recipe1.ezmember.co.kr/cache/recipe/2018/05/18/b86fd2dab5618d354e431d96997207031_m.jpg,0,0,0,17,50,0,"잭다니엘(버본위스키) 1oz(30ml),  콜라 1캔(1병)"
,Tequila Sunrise,https://recipe1.ezmember.co.kr/cache/recipe/2018/05/18/6b5b266bc0621d7f9abd43b8da20eb641_m.jpg,17,0,17,0,17,50,"데킬라 1oz(30ml),  그레나딘시럽(석류시럽) 1ts(작은술),  오렌지 1개,  오렌지쥬스"
,Dirty hoe,https://recipe1.ezmember.co.kr/cache/recipe/2018/05/18/a2786e1b3a46dbb7aaeb468484d856d31_s.jpg,17,17,17,17,0,0,"호가든 225ml,  기네스 225ml"
,Caiprinha,https://recipe1.ezmember.co.kr/cache/recipe/2018/05/18/dc55198ce424f97b5c092e90ccb092281_s.jpg,17,17,17,17,0,0,"카샤샤(or 화이트럼) 1+1/2oz(45ml),  라임 1/2개,  설탕 2+1/2작은술"
,Super Heineken,https://recipe1.ezmember.co.kr/cache/recipe/2018/05/18/ec7f13d0fd8325687927adec0c53e3d81_s.png,17,17,17,17,83,0,"레몬즙 1oz(30ml),  블루퀴라소 1oz(30ml),  스프라이트(사이다) 2oz(60ml),  하이네켄 1병"
,Screw Driver,https://recipe1.ezmember.co.kr/cache/recipe/2018/05/18/fc0c98c2dea95f35ca47431ced28ed161_s.jpg,17,17,17,17,0,0,"보드카 1+1/2oz(45ml),  오렌지 1개,  오렌지쥬스"
,Strawberry Caiperinha,https://recipe1.ezmember.co.kr/cache/recipe/2018/05/18/455b502895ff201d993cd592ee6fe3661_s.png,0,0,0,17,50,0,"카샤샤 1+1/2oz(45ml),  설탕 2+1/2작은술,  딸기 5개,  라임 1/4 개"
,Bulldog,https://recipe1.ezmember.co.kr/cache/recipe/2018/05/18/dce9e93d841db3ed1909bbec86e903601_s.jpg,17,0,17,0,17,50,"진 1+3/4oz(53ml),  오렌지쥬스 1/2oz(15ml),  진저에일 1캔"
,Long Beach Iced Tea,https://recipe1.ezmember.co.kr/cache/recipe/2018/05/18/17d954c78f614ba14b7645c8cc6dc6221_s.png,0,0,50,17,67,0,"진 1/2oz(15ml),  럼 1/2oz(15ml),  보드카 1/2oz(15ml),  트리플섹(오렌지술) 1/2oz(15ml),  레몬즙 1+1/2oz(45ml),  시럽 1/2oz(15ml),  크렌베리쥬스 1병"
,쿠바리브레,https://recipe1.ezmember.co.kr/cache/recipe/2018/05/21/d5c4cef3f22bb2e60ac4c7c11ead057d1_s.jpg,0,0,0,17,50,0,"럼 35ml,  라임 1/2개,  콜라 1병"
,Peach Crush,https://recipe1.ezmember.co.kr/cache/recipe/2018/05/21/4d5f449693bb10b9fbcf914a2f0abfc61_s.jpg,17,17,17,17,83,0,"복숭아 리큐르 1+1/2oz(45ml),  시럽 1/2oz(15ml),  레몬즙 1/2oz(15ml),  크렌베리쥬스 2+1/2oz(75ml)"
,Blue Moon,https://recipe1.ezmember.co.kr/cache/recipe/2018/05/24/7aa24607a08f9eaeba72f5900cd95a2d1_s.jpg,17,17,17,17,83,0,"진 1+1/2oz(45ml),  블루퀴라소 1/2oz (15ml),  시럽 1/2oz (15ml),  레몬즙 1oz (30ml),  파인애플쥬스 3oz(90ml)"
,Melon Cooler,https://recipe1.ezmember.co.kr/cache/recipe/2018/05/28/fde7c8ed79248cee154d8f8be7e4564e1_s.jpg,17,17,17,17,83,0,"멜론리큐르 1oz(30ml),  복숭아리큐르 0.5oz(15ml),  파인애플쥬스 2oz(60ml),  소다수 채우기"
,Moscow Mule,https://recipe1.ezmember.co.kr/cache/recipe/2018/06/04/3ea383e766a5ad5bcf338e0b7fac1ed91_s.jpg,17,0,17,0,17,50,"보드카 1oz(30ml),  생강시럽 20ml,  라임즙 20ml,  탄산수 fill up"
,파인애플칵테일,https://recipe1.ezmember.co.kr/cache/recipe/2018/07/16/eccd0b4280bcdf2469c091a6f79331061_m.jpg,17,17,17,17,83,0,"뷰코 코코넛 워터 오가닉 85g,  파인애플 주스 85g,  말부리 럼 29g,  얼음 적당량,  파인애플 슬라이스 1조각"
,Spumoni,https://recipe1.ezmember.co.kr/cache/recipe/2018/08/02/d76eb4e321c55cb4b9cdf67a993c96211_s.jpg,17,17,17,17,60,0,"캄파리 45ml,  자몽쥬스 90ml,  토닉워터 잔채우기"
,진저비어,https://recipe1.ezmember.co.kr/cache/recipe/2018/09/01/76d467c5059e72d8468432d3f391e04d1_s.jpg,17,0,17,0,17,50,"생강 1톨,  물 100ml [발효시킬 물] 레몬즙 30ml,  설탕 120g,  뜨거운 물 500ml,  미지근한 물 500ml,  이스트 1tsp~0.5tsp"
,El Diablo,https://recipe1.ezmember.co.kr/cache/recipe/2018/09/08/d8cd5d89e499c45850f8c3d6789a2ec91_s.jpg,17,17,17,17,0,0,"데킬라 60ml,  카시스 20ml,  라임 1개,  진저비어/진저엘 채우기,  잔 450ml"
,Stardust,https://recipe1.ezmember.co.kr/cache/recipe/2018/09/15/3db33c00d1837b93f58f774c404a26401_s.jpg,0,0,50,17,67,0,"보드카 45ml,  복숭아 리큐르 15ml,  블루퀴라소 15ml,  레몬즙 20ml,  파인애플쥬스 20ml,  그레나딘시럽(석류시럽) 20ml"
,Orange Blossom,https://recipe1.ezmember.co.kr/cache/recipe/2018/09/15/63e11a97192c6fca65dc5c398f60ad941_s.jpg,17,17,17,17,83,0,"진 45ml,  트리플섹(오렌지리큐르) 15ml,  오렌지쥬스 45ml,  그레나딘 시럽 1 베라스푼,  글라스 120ml"
,꽐라모히또,https://recipe1.ezmember.co.kr/cache/recipe/2018/09/17/0fbb1d6eb8cc41a88e2bc00ac4b3b06e1_m.png,17,17,17,17,0,0,"올드패션드잔,  꽐라만시 1팩(40ml),  라임 1개,  설탕 1숟가락,  애플민트 20잎,  얼음,  화이트럼주 100ml,  탄산수"
,꽐라시브리즈,https://recipe1.ezmember.co.kr/cache/recipe/2018/09/17/0fbb1d6eb8cc41a88e2bc00ac4b3b06e1_m.png,0,0,0,17,50,0,"허리케인글라스,  보드카 45ml,  꽐라만시 1팩(40ml),  크랜베리주스 80ml,  자몽주스 40ml,  설탕"
,꽐라하이볼,https://recipe1.ezmember.co.kr/cache/recipe/2018/09/17/0fbb1d6eb8cc41a88e2bc00ac4b3b06e1_m.png,0,0,0,0,50,0,"하이볼글라스,  빨대 1개,  꽐라만시 1팩(40ml),  소주 100ml,  탄산수,  둥근큰얼음 1개"
,Blue Lagoon,https://recipe1.ezmember.co.kr/cache/recipe/2018/09/17/8e21a2de2ef0431c27df6a1f60e4963c1_s.jpg,0,0,50,17,67,0,"보드카 45ml,  블루퀴라소 45ml,  레몬즙 45ml,  스프라이트 채우기"
,크림막걸리,https://recipe1.ezmember.co.kr/cache/recipe/2018/09/20/734a1e2f55b6806113760e15cb7b59811_s.jpg,17,17,17,17,0,0,"막걸리 115ml,  우유 85ml,  꿀 1.5Tsp,  얼음 2-4개"
,Blue Hawaii,https://recipe1.ezmember.co.kr/cache/recipe/2018/09/27/3963c47c4377d5690685aef0aa99f11e1_s.jpg,0,0,50,17,67,0,"럼 30ml,  블루퀴라소 20ml,  시럽 20ml,  레몬즙 30ml,  파인애플쥬스 90ml"
,Key West Cooler,https://recipe1.ezmember.co.kr/cache/recipe/2018/09/28/5b774eca6fcce0a40597e4e93f35c6031_s.jpg,0,0,0,17,50,0,"보드카 30ml,  말리부(코코넛럼) 30ml,  오렌지쥬스 45ml,  크랜베리쥬스 45ml,  글라스 400ml"
,Midori Splice,https://recipe1.ezmember.co.kr/cache/recipe/2018/10/02/bb38c5cbcf1cac875fe122f56069ffc21_s.jpg,0,0,0,17,50,0,"멜론리큐르 30ml,  말리부(코코넛럼) 30ml,  파인애플쥬스 채우기,  생크림 45ml"
,Bull Frog,https://recipe1.ezmember.co.kr/cache/recipe/2018/10/08/28429eafe3aa23225bb5eb751318812c1_s.jpg,0,0,50,17,67,0,"보드카 45ml,  레몬라임소다(스프라이트) 채우기,  라임슬라이스 1개,  글라스 230ml"
,Gin Genie,https://recipe1.ezmember.co.kr/cache/recipe/2018/10/24/eaca28940eb72a4648e0bd36e485e6631_s.jpg,17,67,17,17,0,0,"진 30ml,  슬로진 30ml,  시럽 20ml,  레몬즙 30ml,  민트잎 8~10 개"
,White Russian,https://recipe1.ezmember.co.kr/cache/recipe/2018/10/24/19f9736dae7bb9d809da7e30a85c4df71_s.jpg,17,17,17,83,17,0,"보드카 15ml,  커피리큐르(커피술) 30ml,  생크림 50ml,  헤이즐넛 리큐르 또는 시럽 20ml"
,Jin Buck,https://recipe1.ezmember.co.kr/cache/recipe/2018/10/24/75e8ddb81b27dd8aa4c2ae2017336b751_s.jpg,0,0,50,17,67,0,"진 45ml,  레몬즙 15ml,  진저엘 또는 진저비어 채우기,  잔 250ml"
,Midori Illusion,https://recipe1.ezmember.co.kr/cache/recipe/2018/12/02/b6e64f99aac317f7c364f8d1163cf8761_s.jpg,17,17,17,17,0,0,"멜론리큐르 45ml,  보드카 15ml,  오렌지리큐르(tiple sec) 15ml,  레몬즙 15ml,  파인애플쥬스 50ml"
,Ramos Gin Fizz,https://recipe1.ezmember.co.kr/cache/recipe/2018/12/02/21128907578e58a96658384545b197241_s.jpg,0,0,50,17,67,0,"진 45ml,  레몬즙 15ml,  라임즙 15ml,  시럽 30ml,  생크림 30ml,  탄산수 30ml,  계란흰자 1개,  오렌지플라워 워터 6-8방울"
,블루베리티,https://recipe1.ezmember.co.kr/cache/recipe/2018/12/02/5ddb032cd8b64c02db34e77ed90cdd0f1_s.jpg,17,17,17,17,0,0,"아마레토 30ml,  오렌지리큐르 30ml,  따뜻한물 200ml,  홍차티백 1개,  시나몬스틱 1개"
,Hot Red Blooded Frenchman,https://recipe1.ezmember.co.kr/cache/recipe/2018/12/07/9b2fbd7cb7f0b9e41f48cea2ea639e3f1_s.jpg,0,0,0,17,50,0,"레드와인 60ml,  오렌지리큐르 30ml,  시럽 20ml,  오렌지쥬스 30ml,  뜨거운물 채우기,  오렌지 슬라이스 1개"
,딸기 칵테일,https://recipe1.ezmember.co.kr/cache/recipe/2018/12/12/536e142ecd0ca3ea152b4fff9359af4e1_m.jpg,0,0,0,17,50,0,"부라더소다,  딸기,  얼음"
,Lonely Bull,https://recipe1.ezmember.co.kr/cache/recipe/2018/12/18/04184cc54be27f96294385a8ddbb80861_s.jpg,17,17,17,83,17,0,"커피리큐르 45ml,  데킬라 30ml,  생크림 30ml,  우유 30ml"
,Hot Toddy,https://recipe1.ezmember.co.kr/cache/recipe/2018/12/18/f52e649cddc357e57713f40a845e7ef51_s.jpg,0,0,50,17,67,0,"버본 위스키 45ml,  레몬즙 15ml,  허니시럽 또는 꿀 30ml 또는 1작은술,  레몬슬라이스 1개,  정향 3-4개,  시나몬스틱 1개,  뜨거운물 채우기"
,과일펀치,https://recipe1.ezmember.co.kr/cache/recipe/2018/12/19/ae14b1b0091a111a18255b6cf7f8cc481_m.jpg,17,17,17,17,0,0,"파파야 1/2개,  용과 1/2개,  레몬 1개,  스타푸르트 1/2개,  탄산수 1병"
,Irish Coffee,https://recipe1.ezmember.co.kr/cache/recipe/2019/01/07/abe6d569736be951e053ffc32f997d331_m.jpg,17,17,17,83,17,0,"원두 20g,  뜨거운 물 200ml,  커피 200ml,  설탕 2tsp,  아이리쉬 위스키 45ml,  생크림 취향껏,  시나몬 파우더 취향껏"
,Bourbon Milk Punch,https://recipe1.ezmember.co.kr/cache/recipe/2019/01/07/d5f9733d4238253f97a9bf48ddf9538a1_s.jpg,17,17,17,17,0,0,"버본 위스키 45ml,  우유 120ml,  시럽 20ml,  바닐라 익스트랙 5ml"
,바라끼또,https://recipe1.ezmember.co.kr/cache/recipe/2019/01/07/47575fafa8eabd8e5bb20acfe0227ce81_s.jpg,17,17,17,83,17,0,"오렌지 리큐르 30ml,  콜드브루 커피 100ml,  연유 30ml,  우유 120ml,  시나몬 파우더 살짝,  오렌지 슬라이스 1개"
,아메리카노,https://recipe1.ezmember.co.kr/cache/recipe/2019/01/14/de4e90cba81b89f9f11e3cb17d8ced4a1_s.jpg,17,17,17,17,0,0,"캄파리 30ml,  스윗 버무스 30ml,  탄산수 채우기"
,커피 아메리카노,https://recipe1.ezmember.co.kr/cache/recipe/2019/01/14/de4e90cba81b89f9f11e3cb17d8ced4a1_s.jpg,17,17,17,17,0,0,"캄파리 45ml,  콜드브루 커피 75ml,  탄산수 채우기"
,Testarossa,https://recipe1.ezmember.co.kr/cache/recipe/2019/01/14/de4e90cba81b89f9f11e3cb17d8ced4a1_s.jpg,17,17,17,17,0,0,"캄파리 30ml,  보드카 30ml,  탄산수 채우기"
,Kentucky Buck,https://recipe1.ezmember.co.kr/cache/recipe/2019/02/07/2ebf5b26b13dbd8c978ce30edb6077911_s.jpg,0,0,50,17,67,0,"버번위스키 60ml,  레몬쥬스 30ml,  시럽 15ml,  딸기 1개,  진저비어 채우기,  비터 3-4방울"
,Klondike,https://recipe1.ezmember.co.kr/cache/recipe/2019/02/07/f04b53b0b8469ac162adfb5591c683831_s.jpg,0,0,0,17,50,0,"버본위스키 45ml,  오렌지 쥬스 60ml,  진저엘 채우기"
,레몬 사와,https://recipe1.ezmember.co.kr/cache/recipe/2019/02/07/707c556637e71fafd00b1f7cccb218771_s.jpg,0,0,0,0,50,0,"소주 45ml,  레몬즙(레몬쥬스) 45ml,  시럽 20ml,  탄산수 채우기"
,Blue Romanse,https://recipe1.ezmember.co.kr/cache/recipe/2019/02/13/86a9da52f1b77c883fb07782b1d8834b1_s.jpg,0,0,0,17,50,0,"보드카 30ml,  블루퀴라소 40ml,  오렌지쥬스 130ml,  그레나딘시럽 40ml"
,한라봉 퍼지네이블,https://recipe1.ezmember.co.kr/cache/recipe/2019/04/12/dcece24b2a4b021b1b5bcfb20e69a7391_s.jpg,17,17,17,17,83,0,"한라봉 1개,  복숭아 리큐르 45ml,  오렌지 쥬스 100ml"
,Green Fizz,https://recipe1.ezmember.co.kr/cache/recipe/2019/04/12/0e0d768f3e52d3bed8b235228d95b6b41_s.jpg,0,0,50,17,67,0,"진 45ml,  민트 시럽 20ml,  레몬즙 30ml,  탄산수 채우기,  레몬슬라이스 1개"
,Cosmopolitan,https://recipe1.ezmember.co.kr/cache/recipe/2019/05/14/f63479be7f3fc7ed9be7b2e9974d2e1e1_m.jpg,17,17,17,17,83,0,"보드카 1oz,  크렌베리 주스 1/2oz,  트리플섹 1/2oz,  라임주스 1/2oz"
,Shark Attack,https://recipe1.ezmember.co.kr/cache/recipe/2019/05/29/49321338c90cf44166e7de5f1ed2e2831_m.jpg,17,17,17,17,83,0,"블루큐라소 1/4컵,  사이다 1컵,  보드카 1/4컵,  얼음 2~3컵,  레몬 1/2개,  딸기시럽 적당량"
,깻잎모히또,https://recipe1.ezmember.co.kr/cache/recipe/2019/04/24/42431ffed84bf173e9f1a6bf655edbea1_m.jpg,0,0,0,0,50,0,"레몬 1개,  깻잎 10장,  설탕 2T,  소주 1병,  사이다 500ML,  얼음 원하는 만큼"
,Whiskey Sour,https://www.liquor.com/thmb/6WtVdTd2kWYfI06d_wzmntoPf1k=/1500x0/filters:no_upscale():max_bytes(150000):strip_icc()/whiskey-sour-720x720-primary-v2-4fc831b613964da5a19cdbfda917d7df.jpg,17,17,17,17,0,0,"레몬즙 10ml,  설탕 1ts,  위스키 60ml,  얼음 7개,  탄산수 30ml"
,Dark and Stormy,https://recipe1.ezmember.co.kr/cache/recipe/2020/07/06/9238c705cf4abf3f4389209cdb704d871_s.jpg,17,17,17,47,0,0,"얼음 7개,  다크럼 60ml,  진저 에일 100ml"
,Cuba Libre,https://recipe1.ezmember.co.kr/cache/recipe/2019/12/21/6037763ed0dd999da232ffa9334841b81_m.jpg,0,0,50,17,67,0,"얼음 7개,  럼 30ml,  라임즙 15ml,  콜라 150ml"
,Sea Breeze,https://recipe1.ezmember.co.kr/cache/recipe/2019/12/21/05834556aab8a3c8128dcaff648f682d1_m.jpg,0,0,0,17,50,0,"얼음 7개,  보드카 45ml,  크린베리 주스 90ml,  자몽 주스 15ml"
,Madras,https://recipe1.ezmember.co.kr/cache/recipe/2019/12/21/9389fc9d8c0e989fe630e72297e68cb91_m.jpg,0,0,0,17,50,0,"부순 얼음 150g,  보드카 45ml,  오렌지 주스 30ml,  크린베리 주스 50ml"
,와인에이드,https://recipe1.ezmember.co.kr/cache/recipe/2019/12/21/4e430cffb409b9a8ce9fe5860d083dd51_m.jpg,0,0,0,17,0,0,"레드와인 60ml,  부순 얼음 100g,  탄산수 100ml"
,Tinto de verano,https://recipe1.ezmember.co.kr/cache/recipe/2019/12/21/ec85649df97d76662e2b850f24524f461_m.jpg,17,17,17,17,0,0,"레드와인 60ml,  레몬소다 60ml"
,Spritzer,https://recipe1.ezmember.co.kr/cache/recipe/2019/12/21/aa74528d83a29c304177a65d99582e161_m.jpg,17,17,17,17,0,0,"레몬 1/2개,  탄산수 240ml,  화이트 와인 120ml"
,Calimocho,https://recipe1.ezmember.co.kr/cache/recipe/2019/12/21/bccd4a60e0e7bab3a958a599f037c3ef1_m.jpg,17,17,17,17,0,0,"레드와인 60ml,  콜라 60ml"
,허니위즈,https://recipe1.ezmember.co.kr/cache/recipe/2019/12/21/f702abb20d54dd909ad8865168952f3b1_m.jpg,0,0,0,17,50,0,"얼음 7개,  보드카 30ml,  꿀물 150ml"
,시쿠와사에이드,https://recipe1.ezmember.co.kr/cache/recipe/2020/01/23/434e2bf0792ef92c848bb4ff84898bc01_m.jpg,17,17,17,17,0,0,"시쿠와사 원액 100ml,  설탕 80g,  탄산수 300ml,  로즈마리 -"
,위스키칵테일,https://recipe1.ezmember.co.kr/cache/recipe/2020/07/02/e47cf3fa61dd8b93bc5a506739aea7091_m.jpg,17,17,17,17,0,0,"아이리쉬 위스키 45ml,  라임 1개,  시럽 30ml,  탄산수 채우기"
,천도복숭아칵테일,https://recipe1.ezmember.co.kr/cache/recipe/2020/08/08/cb9756ef45bc7adbbe52bf42f64b4bde1_m.jpg,0,0,0,17,50,0,"천도복숭아 10개,  화이트와인 700ml,  설탕 5큰술,  토닉워터 1500ml,  얼음 원하는만큼,  소주 1/2컵"
,Kahlua Sparkling,https://recipe1.ezmember.co.kr/cache/recipe/2020/08/24/0fb11002a1c0768e1d5957ebae4ba8941_m.jpg,17,17,17,17,0,0,"커피술 깔루아 70g,  탄산수 140g,  얼음 125g"
,Highball,https://recipe1.ezmember.co.kr/cache/recipe/2021/11/03/53dda3df69072c17fb56e63fc1eb1ac91_m.jpg,0,0,50,17,67,0,"위스키 30ml,  매실청이나 메이플 시럽 10~20ml,  레몬즙 취향껏,  얼음 몇개,  탄산수 90ml"
,조선하이볼,https://recipe1.ezmember.co.kr/cache/recipe/2020/12/04/7f0458f2b9ce35df3e61aa7c4d1aec271_m.jpg,0,0,0,17,50,0,"레몬 1/4조각 (레몬즙 경우3T),  토닉워터 150ml,  백세주 150ml,  얼음 125g"
,메로나 소주 칵테일,https://cphoto.asiae.co.kr/listimglink/1/2020010211035275314_1577930632.jpg,17,17,17,17,83,0,"메로나,  사이다3,  소주1"
,밀키스 블루레모네이드,https://i.ytimg.com/vi/wDK1DsajH0M/maxresdefault.jpg,17,17,17,17,83,0,"블루레모네이드2,  밀키스3,  소주1"
,Red Eye,https://www.thespruceeats.com/thmb/sxtRqb0HqFvNPb1DdnFBQguzqOA=/1500x0/filters:no_upscale():max_bytes(150000):strip_icc()/red-beer-for-brunch-759786-hero-01-db6c450129e24981a1245eedc4037e14.jpg,0,0,0,17,0,0,"토마토 주스 1,  라거맥주1"
,조니 하이볼,http://img.seoul.co.kr//img/upload/2021/08/24/SSI_20210824221902.jpg,0,0,50,17,67,0,"레몬토닉4,  조니워커1"
,예거밤,https://pds.joongang.co.kr/news/component/htmlphoto_mmdata/201703/28/41c7e753-51f9-4c03-b4ec-85f60b7f843a.jpg,17,17,17,17,0,0,"예거마이스터 1,  핫식스3"
,세미 섹스온더비치,https://blog.kakaocdn.net/dn/NzZlv/btqNjUE7JHP/jZVok67rKz8csTjEgXiJk1/img.png,17,17,17,17,40,0,"보드카1,  이프로1,  오렌지주스1,  크렌베리주스1"
,막걸리 수박 펀치,https://cdn.designhouse.co.kr/cms/img/2017/08/M.1501831827.9315.1.jpg,0,0,50,17,67,0,"막걸리 100ml,  수박2쪽,  키위 1/2개,  사이다 50ml"
,과일 식초 막걸리,https://recipe1.ezmember.co.kr/cache/recipe/2021/03/17/f70629a743e695eecc2104fb534c713e.jpg,0,0,50,17,67,0,"과일 식초(블루베리) 50ml,  막걸리 250ml"
,바나나 막걸리,https://www.menupan.com/common/service/img_proxy.asp?src=http%3A%2F%2Fblogfiles.naver.net%2F20131128_76%2Fdmsals0_1385649846504KocpT_JPEG%2FIMG_2790.JPG,0,0,0,0,50,0,"막걸리 150ml,  우유 100ml,  바나나1개,  꿀"
,커피 막걸리,https://2bob.co.kr/data/recipe/20170417135704-12RCY.jpg,17,17,17,83,17,0,"막걸리 150ml,  커피 리큐르 30ml"
,소메리카노,https://img.insight.co.kr/static/2019/10/15/700/p0ss5p6d3jyhb5sm33bk.jpg,0,0,0,0,50,0,"소주 1~2잔,  레쓰비 혹은 아메리카노"
,홍익인간주,https://t1.daumcdn.net/cfile/tistory/230B703850E2910922,0,0,0,0,50,0,"소주 1,  홍초 석류1"
,링겔주,https://t1.daumcdn.net/cfile/tistory/252AAF3555754D8309,0,0,0,0,50,0,"소주1병,  매화수1병"
,소맥산맥주,https://flexible.img.hani.co.kr/flexible/normal/640/427/imgdb/original/2022/0605/20220605500985.jpg,0,0,0,0,50,0,"소주1,  백세주1, 산사춘1, 맥주1"
,고진감래주,http://img.seoul.co.kr//img/upload/2009/06/05/SSI_20090605114348.jpg,17,17,17,17,17,0,"소주 1잔, 맥주 맥주잔 반잔,  콜라 소주잔 1/3잔"
,스크류키스,https://t1.daumcdn.net/cfile/tistory/236DBE4054509BA12E,0,0,50,17,67,0,"소주 2잔, 사이다 1/2캔,  스크류바 1개"
,밀키스주,https://cdn.univ20.com/wp-content/uploads/2017/03/b81846104c31c09cbf96d7d1871fe02a.jpg,0,0,50,17,67,0,"밀키스 1, 맥주 1,  소주1"
,막소사,https://t1.daumcdn.net/cfile/tistory/99786E475CF60ABA1C,0,0,50,17,67,0,"막걸리 6,  소주 1,  사이다 3"
,소닉워터,https://mblogthumb-phinf.pstatic.net/MjAxODEwMThfNjEg/MDAxNTM5ODY5MjI4MjQ1.AVqVK9a8FSAnrNzcUrpGSVNjFvoZQavLFK8HwwmWixAg.sqSw9EOE3hX93gnpTaMbnCQ43U7Z2clEOtGD5RuparUg.JPEG.abcggoggo/20181014_181704.jpg?type=w800,17,17,17,17,30,0,"소주, 토닉워터, 레몬"
,새로 하이볼,https://blog.kakaocdn.net/dn/EZai4/btrzzqkdcuE/pAe3EX4wBnaajS8yEUCxsk/img.jpg,0,0,50,17,67,0,"새로 1,  트레비 레몬,  오랑지나 1"
,편의점 기범주,https://cdn.011st.com/11dims/resize/600x600/quality/75/11src/product/4352986033/B.jpg?824000000,17,17,17,17,30,0,"소주 1,  홍차토닉 2"
,얼그레이 하이볼,https://shakit.co.kr/data/item/1654579111/7IOB7ZKI7I2464Sk7J28_7Ja86re466CI7J20.jpg,17,17,17,17,30,0,"위스키 30ml,  얼그레이 시럽 10ml,  얼음,  토닉워터,  레몬"
,기범주,https://cdn.011st.com/11dims/resize/600x600/quality/75/11src/product/4352986033/B.jpg?824000000,17,17,17,17,0,0,"마르코폴로 홍차 550ml,  소주 1병,  얼음"
,맥사토,https://encrypted-tbn0.gstatic.com/images?q=tbn:ANd9GcRjdgfX-KOjjt_p0Vfn2UnbrPYlQNI-8PHSOw&usqp=CAU,0,0,50,17,67,0,"맥주 1,  사이다 1, 토마토주스 1"
,젤리주,https://mblogthumb-phinf.pstatic.net/MjAxNzExMDNfMjE0/MDAxNTA5Njg1Nzk5OTQy.86F6y09_LW6NoKZs4Hg1KFPzzbLvqplcz8-d6NuAfdYg.9m2wasT6SAjK8n4XSMW8zFdu1dbML3U6R5j2a8oBL1Eg.JPEG.foodsafetypress/%EC%A0%A4%EB%A6%AC%EC%A3%BC21.JPG?type=w800,0,0,50,17,67,0,"젤리,  과일소주"
,에너자이저,https://img.insight.co.kr/static/2019/08/17/700/8v20qqle6wl6tpm7480c.jpg,0,0,50,17,67,0,"파워에이드 2, 핫식스 2, 소주 1"
,버블 탱크,https://mblogthumb-phinf.pstatic.net/20160710_288/21195187_1468148257178KsuWn_JPEG/P20160709_010318388_638B8AB2-7C0D-4DA2-A61B-F5ACF2C835F8.JPG?type=w2,0,0,50,17,67,0,"소주 1, 사이다 1, 탱크보이 1"
