null,name,단맛,신맛,청량감,바디감,도수%,탄산,주종,용량,가격,제조사,원재료,index,sex
,1000억막걸리프리바이오,3,4,3,3,5,0,탁주,750ml,3500,(주)국순당,"쌀,밀,누룩,정제수",0,5
,1000억유산균막걸리,3,5,5,3,5,0,탁주,750ml,3200,(주)국순당,"쌀,밀,누룩,정제수",1,5
,1932새싹땅콩햅쌀막걸리,2,2,3,5,6,0,탁주,900ml,15000,(주)1932포천일동막걸리,"쌀,땅콩농축액,입국,효모,고과당,정제효소제,정제수",2,5
,1932새싹땅콩흑미막걸리,3,1,1,4,6,0,탁주,900ml,15000,(주)1932포천일동막걸리,"쌀,흑미,땅콩농축액,입국,효모,고과당,정제효소제,정제수",3,5
,33JU,3,,,1,18,0,증류주,200ml,23000,농업회사법인33가주식회사,"산양산삼,주정,결정과당,효소처리스테비아,에리스리톨,호박산,꿀",4,5
,52C,3,,,2,17.5,0,증류주,500ml,10000,농업회사법인(주)청산녹수,"정제수,주정,쌀증류식소주원액,오이",5,5
,DMZ240km,2,,,3,25,0,기타주류,450ml,10000,솔래원,"자연송이버섯,브랜디원액,블랙커런트,벌꿀",6,5
,g12골디락스,2,2,2,3,12,0,탁주,500ml,12000,농업회사법인(주)청산녹수,"정제수,멥쌀,찹쌀,누룩,종국,효모,밀함유",7,5
,The찾을수록시리즈,4,2,3,2,16,0,과실주,360ml,9000,(주)한국애플리즈,"사과와인,정제수,정제주정외제품별농축액",8,5
,가덕순쌀막걸리,3,3,3,3,6,1,탁주,750ml,13500,농업회사법인명세주가(주),"국내산쌀,효모,조효소재,물엿,아스파탐,정제수",9,5
,가을빛레드와인,2,3,3,2,14,0,과실주,750ml,35000,예인화원,포도,10,5
,가평잣생막걸리,2,2,3,3,6,0,탁주,750ml,1450,가평우리술,"쌀,정제수,쌀입국,잣,효모,정제효소등",11,5
,감그린레귤러,3,3,3,2,12,0,과실주,750ml,18000,청도감와인(주),감,12,5
,감그린스페셜,3,3,3,3,12,0,과실주,750ml,25000,청도감와인(주),감,13,5
,감그린아이스와인,4,2,2,4,10,0,과실주,375ml,89000,청도감와인(주),감,14,5
,감보드카,,,,3,32,0,증류주,375ml,14000,양촌감영농조합법인,감,15,5
,감사,2,2,,2,14,0,"약주,청주",375ml,15000,술샘,"쌀,누룩,정제수",16,5
,감아락25,2,,,2,25,0,증류주,500ml,26000,(주)배상면주가,"감증류원액,쌀",17,5
,감악산머루주,4,4,3,3,12,0,과실주,360ml,28000,산머루농원영농조합법인,"국내산산머루원액,주정",18,5
,감이슬,,,,2,23,0,증류주,375ml,10000,양촌감영농조합법인,감,19,5
,감자술13,3,2,3,2,13,0,"약주,청주",700ml,14000,오대서주양조,"백미,감자,누룩,효모,정제수",20,5
,감홍로백자,3,,,4,40,0,증류주,700ml,75000,농업회사법인(주)감홍로,"쌀,조,가지약재",21,5
,감홍로청자,3,,,4,40,0,증류주,700ml,90000,농업회사법인(주)감홍로,"쌀,조,가지약재",22,5
,강소주,,,,3,50,0,증류주,"1,800ml",11000,내국양조,"국내산쌀,정제수",23,5
,강쇠,2,2,1,4,13,0,"약주,청주",370ml,2500,농업회사법인(유)술소리,"쌀,누룩,오가피",24,5
,걍즐겨,3,4,3,3,8,0,탁주,600ml,6000,디오케이브루어리,"찹쌀,멥살,누룩,석류,히비스커스,정제수",25,5
,겨울소주25,,,,4,25,0,증류주,360ml,10000,두이술공방,"증류원액,효모,효소,정제수",26,5
,경기전,2,3,4,2,5,0,기타주류,1000ml,27000,농업회사법인동문거리양조장(주)(전주술로시티),"보리,맥아,호프펠렛,효모,정제효소제,정제수",27,5
,계룡백일주12년,3,,,4,40,0,기타주류,600ml,150000,계룡백일주,"찹쌀,백미,누룩,재리종국화꽃,오미자,진달래,재래종솔잎",28,5
,계룡백일주16,1,1,1,1,16,0,"약주,청주",700ml,18500,계룡백일주,"찹쌀,백미,누룩,재리종국화꽃,오미자,진달래,재래종솔잎",29,5
,계룡백일주30,2,,,3,30,0,기타주류,400ml,20000,계룡백일주,"찹쌀,백미,누룩,재리종국화꽃,오미자,진달래,재래종솔잎",30,5
,계룡백일주40,3,,,3,40,0,기타주류,600ml,40000,계룡백일주,"찹쌀,백미,누룩,재리종국화꽃,오미자,진달래,재래종솔잎",31,5
,계룡산산삼주금수강산21,,,,2,21,0,증류주,740ml,110000,농업회사법인한국산삼(주),"산양산삼,정제주,주정",32,5
,계룡산산삼주금수강산40,,,,3,40,0,증류주,740ml,150000,농업회사법인한국산삼(주),"산양산삼,정제주,주정",33,5
,고구마아락,2,,,3,40,0,증류주,500ml,25000,농업회사법인배상면주가고창LB,"보리,고구마,정제수",34,5
,고도리레드와인스위트,3,3,2,3,12,0,과실주,750ml,22000,고도리와이너리,MBA머루포도,35,5
,고도리복숭아와인,4,3,3,2,6.5,0,과실주,750ml,32000,고도리와이너리,복숭아,36,5
,고도리화이트와인드라이,2,3,3,2,10.5,0,과실주,750ml,22000,고도리와이너리,거봉포도,37,5
,고도리화이트와인스위트,4,3,3,2,10.5,0,과실주,750ml,22000,고도리와이너리,거봉포도,38,5
,고소리술,2,0,3,3,40,0,증류주,375ml,25000,제주샘영농조합법인,"쌀,차조,입국,누룩,효모,효소,정제수,스테비올배당체",39,5
,고운달백자,,,,5,52,0,증류주,200ml,"180,000",농업회사법인(주)제이엘,오미자,40,5
,고운달오크,,,,5,52,0,증류주,200ml,"180,000",농업회사법인(주)제이엘,오미자,41,5
,고창선운산땡큐복분자주,3,1,3,2,13,0,과실주,300ml,2500,농업회사법인고창선운산(유),"복분자과실,주정,효모,구연산,정제수",42,5
,고창선운산땡큐블루베리주,2,2,2,2,13,0,과실주,300ml,2000,농업회사법인고창선운산(유),"블루베리과실,주정,효모,구연산,정제수",43,5
,고창선운산복분자주특1호,3,1,3,2,15,0,과실주,"1,800ml",27000,농업회사법인고창선운산(유),"복분자과실,주정,효모,구연산,정제수",44,5
,공주애오디와인,3,2,3,1,15,0,과실주,375ml,6000,농업회사법인사곡양조원,"국내산오디,정제수,주정,과당,효모",45,5
,구기홍주14,3,1,2,3,14,0,"약주,청주",360ml,10000,두이술공방,"쌀,국,구기자추출액,올리고당,효모,효소,아세설팜칼륨,정제수",46,5
,구름을벗삼아,3,3,3,3,6,1,탁주,750ml,1500,문경주조,"정제수,찹쌀·백미,입국등",47,5
,귀감,,,,3,25,0,증류주,350ml,25000,농업회사법인(주)시트러스,"감귤과즙,백설탕,액상효모,스테비올배당체,무수아황산",48,5
,그랑꼬또레드와인,3,3,3,2,12,0,과실주,750ml,35000,그린영농조합법인,포도,49,5
,그랑꼬또M56,2,3,1,3,12,0,과실주,750ml,21000,그린영농조합법인,포도,50,5
,그랑꼬또M5610,4,3,3,2,10,0,과실주,750ml,56000,그린영농조합법인,포도,51,5
,그랑꼬또로제와인,2,3,1,3,12,0,과실주,750ml,21000,그린영농조합법인,포도,52,5
,그랑꼬또청수,2,1,3,4,12,0,과실주,750ml,60000,그린영농조합법인,포도,53,5
,그랑꼬또화이트와인,3,3,3,2,12,0,과실주,750ml,40000,그린영농조합법인,포도,54,5
,그랑티그르CE2002,3,2,2,3,12,0,과실주,750ml,40000,월류원(오드린),포도,55,5
,그랑티그르M1988,3,3,2,3,12,0,과실주,750ml,40000,월류원(오드린),"포도,오미자",56,5
,그랑티그르S1974,1,3,2,4,12,0,과실주,750ml,40000,월류원,포도,57,5
,금산인삼주,1,4,2,4,12.5,0,"약주,청주",375ml,4000,농업회사법인(주)금산인삼주,"쌀,인삼,누룩,정제수등",58,5
,금산인삼주수삼단본23,1,,,3,23,0,증류주,720ml,32000,농업회사법인(주)금산인삼주,"쌀,인삼,누룩,정제수등",59,5
,금산인삼주수삼단본43,1,,,4,43,0,증류주,720ml,42000,농업회사법인(주)금산인삼주,"쌀,인삼,누룩,정제수등",60,5
,금이산농원복숭아와인,3,2,2,3,12,0,과실주,500ml,20000,영농조합법인금이산농원,"복숭아,백설탕,효모,메타중아황산칼륨",61,5
,금이산농원사과와인,3,2,2,3,12,0,과실주,500ml,20000,영농조합법인금이산농원,"사과,백설탕,효모,메타중아황산칼륨",62,5
,금이산농원오가피와인,3,2,2,3,12,0,과실주,500ml,20000,영농조합법인금이산농원,"오가피열매,백설탕,효모,메타중아황산칼륨",63,5
,금정산성막걸리,1,3,2,3,8,0,탁주,750ml,1900,(유)금정산성토산주,"백미,밀누룩,정제수,아스파탐",64,5
,기다림16,2,4,2,3,9,0,탁주,750ml,11000,농업회사법인(주)제이케이크래프트,"찹쌀,흑미,곡자,정제수",65,5
,기다림25,2,4,2,2,8,0,탁주,750ml,9900,농업회사법인(주)제이케이크래프트,"백미,찹쌀,곡자,정제수",66,5
,기다림34,3,3,3,3,12,0,탁주,500ml,15000,농업회사법인(주)제이케이크래프트,"멥쌀,찹쌀,곡자,정제수",67,5
,기다림맑은술,4,3,3,3,15,0,"약주,청주",500ml,25000,농업회사법인(주)제이케이크래프트,"멥쌀,찹쌀,곡자,정제수",68,5
,김천과하주16,1,2,1,2,16,0,"약주,청주",700ml,20000,김천과하주,"찹쌀,누룩,샘물,황국잎",69,5
,김천과하주23,1,,,2,23,0,기타주류,700ml,22000,김천과하주,"멥쌀,누룩,샘물,황국잎",70,5
,김포막걸리,2,2,3,1,6,0,탁주,750ml,1200,김포양조,"쌀,누룩,정제수",71,5
,김포별주,3,1,1,3,13,0,"약주,청주",500ml,4000,김포양조,"쌀,옥수수전분,국,효모,젖산,효소제,정제수",72,5
,김포약주,1,2,1,2,11,0,"약주,청주",750ml,10000,김포양조,"옥수수전분,밀,국,효모,젖산,효소제,정제수",73,5
,김포예주,2,1,1,4,13,0,"약주,청주",750ml,15000,김포양조,"국내산쌀,국,효모,젖산,정제수",74,5
,김포특주,4,4,2,2,15,0,"약주,청주",375ml,3000,김포금쌀탁주영농조합법인,"국내산쌀,효모,정제효소,정제수,프락토올리고당",75,5
,까메오막걸리,3,1,2,4,6,0,탁주,550ml,5000,낙천,"정제수,쌀,효모,누룩,과당등",76,5
,나루생막걸리11.5,4,1,1,5,11.5,0,탁주,500ml,11000,한강주조,"쌀,국,효모,정제수",77,5
,나루생막걸리6,3,3,2,2,6,0,탁주,935ml,7000,한강주조,"쌀,국,효모,정제수",78,5
,남산애레드와인,3,3,3,2,14,0,과실주,750ml,45000,예인화원,포도,79,5
,남산애포트와인,3,3,2,3,18.5,0,과실주,750ml,55000,예인화원,포도,80,5
,내장산복분자주,1,3,,2,16,0,과실주,360ml,6000,내장산복분자영농조합,"복분자,주정,정제수,설탕등",81,5
,녹고의눈물,2,,,3,16,0,기타주류,500ml,23000,농업회사법인(주)토향,섬오가피,82,5
,녹천소곡화주,2,,,3,41,0,기타주류,500ml,22000,녹천주조장,"찹쌀,누룩,백미,정제수",83,5
,녹천한산소곡주살균,4,1,1,2,16,0,"약주,청주",750ml,12000,녹천주조장,"찹쌀,누룩,백미,정제수",84,5
,녹천한산소곡주생,4,1,1,2,16,0,"약주,청주",750ml,12000,녹천주조장,"찹쌀,누룩,백미,정제수",85,5
,녹파주,3,2,2,3,15,0,"약주,청주",375ml,35000,농업회사법인(주)솔송주,"국내산찹쌀,멥쌀,누룩,정제수",86,5
,뉴트로,4,4,4,3,8,0,탁주,600ml,6000,디오케이브루어리,"찹쌀,멥살,누룩,레몬,라임,잉글리쉬블랙퍼스트,정제수",87,5
,느린마을막걸리,3,1,3,2,6,0,탁주,750ml,2300,배상면주가,"쌀,국,효모,정제수",88,5
,능이주,1,3,1,2,13,0,"약주,청주",375ml,12000,내국양조,"국내산쌀,능이농충액,누룩,정제수",89,5
,니모메,2,1,1,2,11,0,"약주,청주",375ml,12000,제주샘영농조합법인,"쌀,감귤진피,정제수",90,5
,다래와인3004,2,2,1,2,8,0,과실주,375ml,10000,영농조합법인오름주가,참다래,91,5
,다래와인7004D,1,4,2,2,12,0,과실주,750ml,28000,영농조합법인오름주가,참다래,92,5
,다래와인7004S,2,2,1,4,8,0,과실주,750ml,18000,영농조합법인오름주가,참다래,93,5
,다랭이팜생막걸리,1,4,4,4,6,0,탁주,750ml,4000,다랭이팜,"쌀,분도유기농현미,누룩,효모등",94,5
,다랭이팜생막걸리흑미,1,5,2,2,6,0,탁주,750ml,4000,다랭이팜,"남해산유기농현미,누룩,효모등",95,5
,다랭이팜유자막걸리,1,5,2,4,6,0,탁주,750ml,4000,다랭이팜,"남해산유기농유자원액,누룩,효모등",96,5
,담솔,3,0,3,3,40,0,기타주류,500ml,22000,명가원영농조합법인,"정제수,국내산쌀,국내산송순농축액,누룩,조제종국,효모",97,5
,담양죽력고,,,,3,25,0,증류주,350ml,13000,추성고을,"정제수,쌀,누룩,죽력,계피,석창포,생강,효모",98,5
,담은,3,1,1,4,6,0,탁주,750ml,15000,(주)1932포천일동막걸리,"쌀,입국,효모,고과당,정제효소제,정제수",99,5
,당당하리,4,2,2,2,15,0,과실주,375ml,15333,농업회사법인(주)세찬제조사,"쌀,홍마늘,감초,개량누룩,효모,정제효소제,정제수,복분자,설탕,올리고당,DL-사과산,구연산,무수아황산,이산화항,밀함유",100,5
,대관령복분자주,1,2,1,4,16,0,과실주,400ml,13000,농업회사법인(주)홍지원,국내산복분자,101,5
,대대포생막걸리,2,1,3,2,6,0,탁주,750ml,3500,농업회사법인(주)죽향도가,"백미,벌꿀,정제수",102,5
,대윤가야곡왕주,2,2,1,3,13,0,"약주,청주",300ml,4000,농업회사법인대윤가야곡주조(주),"쌀,누룩,효모,물엿,정제수",103,5
,대잎생동동주,1,2,3,2,6,0,탁주,1700ml,2500,농업회사법인(주)죽향도가,"쌀,좁쌀,정제효소,젖산,효모,아스파탐,영지,생각,정제수",104,5
,대작생막걸리,4,3,3,3,6,0,탁주,750ml,2000,대작영농조합법인,"쌀,조제종국효모,정제효소,올리고당,스테비텐후레쉬,정제수",105,5
,대통대잎술,1,1,,2,15,0,"약주,청주",700ml,16000,추성고을,"쌀,누룩,갈근,구기자,솔잎,진피등",106,5
,도구막걸리,2,2,3,3,6,0,탁주,750ml,1666,동해명주,"밀,쌀,물엿,효모,조제종국,정제효소제,아스파탐,젖산",107,5
,도깨비술11,4,4,3,5,11,0,탁주,750ml,12000,농업회사법인(주)도깨비양조장,"멥쌀,누룩,효모,정제수",108,5
,도깨비술7,3,3,4,3,7,0,탁주,750ml,8000,농업회사법인(주)도깨비양조장,"멥쌀,누룩,효모,정제수",109,5
,도깨비술9,3,3,3,4,9,0,탁주,750ml,10000,농업회사법인(주)도깨비양조장,"멥쌀,누룩,효모,정제수",110,5
,도로시머루주,4,4,3,3,12,0,과실주,500ml,25000,산머루농원영농조합법인,"국내산산머루원액,주정",111,5
,도문대작생막걸리,1,3,3,2,10,0,탁주,750ml,3000,방풍도가,"강릉쌀,누룩,갯방풍나물,정제수",112,5
,독산53,,,,3,53,0,증류주,250ml,25000,농업회사법인오산양조(주),"쌀,국,효모,정제수",113,5
,동강더덕주,3,,,2,20,0,기타주류,360ml,3500,영월더덕영농조합법인,"더덕,대추구기자,감초,원지",114,5
,동몽,2,3,1,3,17,0,"약주,청주",500ml,30000,예술,"홍천쌀,정제수,단호박,국",115,5
,동정춘,4,3,2,3,8,0,탁주,500ml,18000,농업회사법인(주)산수,"쌀,누국,정제수",116,5
,동정춘막걸리산정호수,5,1,4,4,6,0,탁주,720ml,20000,(주)농업회사법인술빚는전가네,"국내산쌀,누룩,정제수",117,5
,동학1957,3,3,2,3,13,0,"약주,청주",375ml,3500,고헌정영농조합법인,"쌀,구연산,효모,젖산,정제효소제,국,주정,정제수",118,5
,동해동동주,2,1,3,2,6,0,탁주,750ml,1666,동해명주,"쌀,물엿,효모,조제종국,정제효소제,아스파탐,젖산",119,5
,두레앙22,,,,4,22,0,증류주,375ml,5000,농업회사법인(주)두레양조,거봉포도원액,120,5
,두레앙브랜디,3,,,3,35,0,증류주,750ml,70000,농업회사법인(주)두레양조,거봉포도원액,121,5
,두레앙와인,2,2,1,4,12,0,과실주,750ml,15000,농업회사법인(주)두레양조,거봉포도원액,122,5
,두레앙증류주,2,,,2,35,0,증류주,750ml,35000,농업회사법인(주)두레양조,거봉포도원액,123,5
,두리향,,,,4,43,0,증류주,500ml,36000,케이소주(전주가양주연구소),"국내산찹쌀,누룩,정제수",124,5
,두유노,2,3,3,3,6,0,탁주,600ml,6000,디오케이브루어리,"찹쌀,멥살,누룩,밀가루",125,5
,라이스퐁당13,3,2,1,3,13,0,"약주,청주",500ml,15000,농업회사법인(주)벗드림,"찹쌀,누룩,정제수",126,5
,라이스퐁당17,3,3,1,4,17,0,"약주,청주",500ml,18000,농업회사법인(주)벗드림,"찹쌀,누룩,정제수",127,5
,레돔내추럴스파클링로제와인,3,3,4,2,7.5,0,과실주,750ml,38000,농업회사법인작은알자스,포도,128,5
,레돔시드르,3,3,4,2,6,0,과실주,750ml,32000,농업회사법인작은알자스,사과,129,5
,려25,1,,,1,25,0,증류주,375ml,30000,(농)국순당여주명주(주),"고구마,쌀",130,5
,려고구마증류소주25,1,,,3,25,0,증류주,500ml,35000,(농)국순당여주명주(주),고구마,131,5
,려고구마증류소주40,2,,,3,40,0,증류주,500ml,35000,(농)국순당여주명주(주),고구마,132,5
,로얄안동소주18년,3,,,4,45,0,증류주,600ml,72000,농업회사법인유토피아(주),"국내산쌀,입국",133,5
,르깔롱,,,,4,16,0,기타주류,500ml,35000,추성고을,"정제수,주정,고과당,죽력,메론후레바,레이지라임,코코넛향,윌튼스카이아이싱칼라",134,5
,마셔블랑,3,3,3,2,12,0,증류주,750ml,20000,농업회사법인(주)시트러스,"감귤과즙,백설탕,액상효모,무수아황산",135,5
,마주소곡주,4,3,2,4,16,0,"약주,청주",500ml,17000,옥순가소곡주마주,"찹쌀,백미,모싯잎,우리밀누룩,정제수,효모",136,5
,마주소곡화주,,,,4,41,0,증류주,500ml,25000,옥순가소곡주마주,"찹쌀,백미,모싯잎,우리밀누룩,정제수,홍고추",137,5
,막시모40,,,,3,40,0,증류주,500ml,49000,농업회사법인(주)착한농부,"오미자증류원액,오미자원액,정제수",138,5
,만강에비친달,2,3,3,3,10,0,탁주,500ml,12000,예술,"홍천쌀,정제수,단호박,곡자",139,5
,맑은내일Winery단감명작,3,2,3,2,7,0,과실주,750ml,20000,농업회사법인우포의아침주식회사,"단감,정제수,설탕,효소제,무수구연산,효모,무수아황산,소브산",140,5
,맑은내일발효막걸리,3,3,3,4,7,0,탁주,750ml,"2,200",농업회사법인우포의아침(주),"쌀,누룩,효소,아스파탐,정제수",141,5
,맑은내일우포,3,2,2,2,12,0,"약주,청주",325ml,"5,000",농업회사법인우포의아침(주),"쌀,옥수수전분,효모,누룩,양파,정제수",142,5
,맑은문희주,3,1,1,4,13,0,"약주,청주",750ml,36000,문경주조,"유기농찹쌀,멥쌀,전통누룩,정제수",143,5
,맑은술해밀,3,2,2,2,15,0,"약주,청주",500ml,25000,내변산양조장,"쌀,누룩,정제수",144,5
,매실막걸리,3,2,1,5,7,0,탁주,750ml,3500,농업회사법인(주)백운주가,"쌀,매실과즙",145,5
,매실원주15,3,,,3,15,0,기타주류,300ml,6000,더한주류,"매실주원액,발효주정,정제수,꿀",146,5
,매실향기담은술,3,3,3,3,14,0,"약주,청주",500ml,6000,농업회사법인명세주가(주),"국내산쌀,효모,조효소재,물엿,아스파탐,정제수",147,5
,머루이야기,3,1,1,4,12,0,과실주,375ml,6000,농업회사법인산들벗(주),국내산산머루,148,5
,머르드서드라이,2,4,3,4,13.5,0,과실주,750ml,35000,산머루농원영농조합법인,국내산산머루,149,5
,머르드서스위트,4,3,3,4,12,0,과실주,750ml,30000,산머루농원영농조합법인,국내산산머루,150,5
,메로니아,4,1,5,4,4,0,기타주류,750ml,2000,배혜정도가,"쌀,국,효모,젖산,멜론향,물엿등",151,5
,메밀로,,,,4,45,0,증류주,500ml,150000,농업회사법인두루(주),"국내산쌀,메밀,누룩,정제수",152,5
,면천두견주,3,1,1,3,18,0,"약주,청주",360ml,"30,000",(주)면천두견주,"국내산찹쌀,누룩,진달래꽃",153,5
,명가원복분자술,3,1,,3,16,0,과실주,750ml,20000,명가원영농조합법인,"복분자,주정,정제수,구연산,호박산,정제식염,액상과당,효모,설탕",154,5
,명술,2,,,3,20,0,기타주류,375ml,30000,대농바이오우리산삼,"산양산삼,정제주,주정",155,5
,명인안동소주22,1,,,2,22,0,증류주,360ml,4500,명인안동소주,"쌀,누룩,정제수",156,5
,명인안동소주양반탈,1,,,3,45,0,증류주,800ml,35000,명인안동소주,"쌀,누룩,정제수",157,5
,명인안동소주호리병,1,,,3,45,0,증류주,800ml,30000,명인안동소주,"쌀,누룩,정제수",158,5
,명인홍삼주,1,3,2,4,12.5,0,"약주,청주",375ml,4000,농업회사법인(주)금산인삼주,"쌀,홍삼,누룩,정제수등",159,5
,명작복분자,3,1,1,5,13,0,과실주,375ml,6500,(농)국순당고창명주(주),"복분자,효모,주정,정제수,과당,구연산",160,5
,명품진도홍주,3,,,3,38,0,증류주,375ml,20000,대대로영농조합법인,"쌀,보리,누룩,지초,정제수",161,5
,모월로,,,,2,25,0,증류주,500ml,25000,협동조합주담,"쌀,누룩,정제수",162,5
,모월연,1,3,1,2,13,0,"약주,청주",500ml,18000,협동조합주담,"쌀,누룩,정제수",163,5
,모월인,,,,3,41,0,증류주,500ml,40000,협동조합주담,"쌀,누룩,정제수",164,5
,모월청,1,3,2,3,16,0,"약주,청주",500ml,21000,협동조합주담,"쌀,누룩,정제수",165,5
,모을동주소주,,,,4,43,0,증류주,350ml,15000,대작영농조합법인,"쌀,조제종국효모,정제효소,정제수",166,5
,모을동주약주,4,3,3,4,13,0,"약주,청주",375ml,13000,대작영농조합법인,"쌀,조제종국효모,정제효소,정제수",167,5
,무주구천동머루와인,2,2,1,3,12,0,과실주,750ml,25000,덕유양조,국내산산머루,168,5
,무주구천동산머루주,2,2,1,3,16,0,과실주,750ml,15000,덕유양조,국내산산머루,169,5
,문경바람백자25,,,,3,25,0,증류주,375ml,16000,농업회사법인(주)제이엘,사과,170,5
,문경바람백자40,,,,4,40,0,증류주,375ml,"24,000",농업회사법인(주)제이엘,사과,171,5
,문경바람오크,,,,4,40,0,증류주,375ml,28000,농업회사법인(주)제이엘,사과,172,5
,문경주조오미자생막걸리,2,3,2,4,6.5,1,탁주,750ml,2500,문경주조,"정제수,백미,입국,올리고당,물엿,허브,오미자,정제효소,아스파탐·아세셀펌칼륨",173,5
,문배술헤리티지23,1,,,1,23,0,증류주,375ml,5555,문배주양조원,"메조,찰수수,쌀",174,5
,문배술헤리티지25,1,,,1,25,0,증류주,375ml,6111,문배주양조원,"메조,찰수수,쌀",175,5
,문배술헤리티지40,2,,,3,40,0,증류주,200ml,12000,문배주양조원,"메조,찰수수,쌀",176,5
,문희문경오미자수제전통주,3,1,3,3,12,0,탁주,500ml,15000,문경주조(전통술체험관),"햇찹쌀,전통누룩,오미자",177,5
,문희햇찹쌀수제전통주,3,1,2,3,13,0,탁주,500ml,15000,문경주조,"유기농찹쌀,멥쌀,전통누룩,정제수",178,5
,미르25,2,0,1,3,25,0,증류주,375ml,18000,술샘,"쌀,누룩,정제수",179,5
,미르40,1,0,0,2,40,0,증류주,375ml,23000,술샘,"쌀,누룩,정제수",180,5
,미생막걸리,2,3,3,3,6,0,탁주,750ml,1100,김포금쌀탁주영농조합법인,"국내산쌀,누룩,효모,정제효소,정제수",181,5
,미소생막걸리,3,3,3,2,7,0,탁주,750ml,1500,울진술도가,"쌀,누룩,정제수",182,5
,미소아이스,4,1,,3,12,0,과실주,375ml,40000,도란원,"포도,산화방지제,효모등",183,5
,미인약주,4,1,1,2,15,0,"약주,청주",500ml,25000,최행숙전통주가,"찹쌀,누룩,정제수",184,5
,미인탁주,3,1,1,3,10,0,탁주,500ml,15000,최행숙전통주가,"찹쌀,누룩,정제수",185,5
,민속주안동소주,1,,,4,45,0,증류주,400ml,28000,민속주안동소주,"쌀,누룩,정제수",186,5
,바랑탁,4,2,1,4,15,0,탁주,375ml,18000,농업회사법인(주)금계당,"찹쌀,맵쌀,누룩,소맥분,정제수",187,5
,밤꽃향기,5,2,2,2,13.5,0,"약주,청주",375ml,4000,농업회사법인사곡양조원,"국내산쌀,밤,누룩,정제수",188,5
,방문주약주,2,3,3,3,15,0,"약주,청주",500ml,7000,케이소주(전주가양주연구소),"국내산찹쌀,누룩,정제수",189,5
,방문주탁주,2,3,3,4,15,0,탁주,500ml,6000,케이소주(전주가양주연구소),"국내산찹쌀,누룩,정제수",190,5
,배꽃담은연생막걸리,3,3,4,2,10,0,탁주,720ml,20000,(주)농업회사법인술빚는전가네,"국내산쌀,누룩,효모,젖산,연잎,정제수",191,5
,배도가로아19레드,2,,,2,19,0,증류주,350ml,10000,주식회사배혜정농업회사법인,사과,192,5
,배도가로아40옐로우,2,,,3,40,0,증류주,350ml,20000,배혜정도가,"쌀,배",193,5
,백년향,3,3,2,3,10,0,탁주,500ml,11000,(주)농업회사법인추연당,"국내산쌀,누룩,정제수",194,5
,백련맑은술,2,2,1,4,12,0,"약주,청주",375ml,7000,신평양조장,"백미,정제수,물엿,과당,누룩,백련잎,누룩등",195,5
,백련생막걸리Misty,2,3,4,4,7,0,탁주,750ml,3000,신평양조장,"백미,정제수,물엿,과당,누룩,백련잎,누룩등",196,5
,백련생막걸리Snow,2,2,2,4,6,0,탁주,750ml,1600,신평양조장,"백미,연잎,정제수,종국,효모,아스파탐,물엿등",197,5
,백운복분자와인,2,2,1,5,11,0,기타주류,360ml,7000,농업회사법인(주)백운주가,"쌀,토종복분자과즙",198,5
,백운복분자주,3,2,2,4,13,0,기타주류,360ml,7000,농업회사법인(주)백운주가,"쌀,토종복분자과즙",199,5
,백이주,2,2,1,3,35,0,과실주,800ml,30000,농업회사법인(주)세찬제조사,"쌀,홍마늘액,감초,개량누룩,효모,정제효소제,정제수,밀함유",200,5
,백자주,3,3,2,3,10,0,탁주,500ml,18000,농업회사법인(주)산수,"국내산찹쌀,멥쌀,잣,누룩,정제수",201,5
,뱅꼬레레드와인,3,4,2,2,12,0,과실주,375ml,25000,(주)한국와인,양조용포도,202,5
,뱅꼬레로제와인,4,3,3,2,11.5,0,과실주,375ml,23000,(주)한국와인,양조용포도,203,5
,뱅꼬레아이스와인,5,2,2,4,12,0,과실주,375ml,90000,(주)한국와인,양조용포도,204,5
,뱅꼬레화이트와인,4,3,3,2,11,0,과실주,375ml,23000,(주)한국와인,양조용포도,205,5
,베베마루캠벨로제,3,1,1,3,12,0,과실주,375ml,20000,월류원,포도,206,5
,베베마루캠벨로제스위트,2,2,1,3,10,0,과실주,375ml,20000,월류원,포도,207,5
,별바랑,4,2,2,4,17.5,0,"약주,청주",375ml,27000,농업회사법인(주)금계당,"찹쌀,맵쌀,누룩,정제수",208,5
,병영설성동동주,2,2,3,2,6,0,탁주,1700ml,2500,병영양조장,"쌀,전분,효모,누룩,정제수",209,5
,병영설성생막걸리,3,2,2,2,6,0,탁주,750ml,3500,병영양조장,"쌀,효모,누룩,정제수",210,5
,병영설성사또,,,,3,40,0,증류주,700ml,40000,병영양조장,"쌀,효모,누룩,정제수",211,5
,병영소주,3,0,3,4,40,0,증류주,700ml,59400,병영주조장,"정제수,보리증류식소주원액",212,5
,복분자아락,2,,,3,40,0,증류주,500ml,40000,농업회사법인배상면주가고창LB,"복분자증류원액,정제수",213,5
,복분자음,2,2,1,3,12,0,과실주,375ml,6000,농업회사법인배상면주가고창LB,"복분자,정제수",214,5
,복순도가손막걸리,2,3,5,4,6.5,1,탁주,935ml,12000,김정식,복순도가,215,5
,볼빨간막걸리10,1,5,4,4,10,0,탁주,500ml,7000,농업회사법인(주)벗드림,"찹쌀,누룩,정제수",216,5
,볼빨간막걸리7,1,4,3,2,7,0,탁주,500ml,5000,농업회사법인(주)벗드림,"찹쌀,누룩,정제수",217,5
,봉하쌀생막걸리,1,2,3,2,6,0,탁주,750ml,2000,농업회사법인(주)죽향도가,"쌀,정제효소,젖산,효모,아스파탐,정제수",218,5
,부안참뽕막걸리,2,1,3,3,6,0,탁주,950ml,2000,내변산(동진주조),"쌀,오디,종국,정제수,누룩,효모,아스파탐",219,5
,부안참뽕와인,3,2,1,4,13,0,과실주,750ml,18000,내변산(동진주조),"오디,정제수,주정",220,5
,부자10,4,1,1,2,10,0,탁주,375ml,5000,배혜정도가,"쌀,정제수,고과당,효모등",221,5
,불소곡주,2,,,4,43,0,기타주류,700ml,30000,한산소곡주,"찹쌀,누룩,백미,정제수,야국,메주콩,생강,홍고추",222,5
,붉은원숭이,4,2,2,4,10.8,0,탁주,375ml,7000,술샘,"쌀,누룩,홍국,정제수",223,5
,블루베리이야기,3,1,1,3,12,0,과실주,375ml,6000,농업회사법인산들벗(주),"국내산산머루,블루베리",224,5
,산내울복분자주,4,4,3,3,16,0,기타주류,750ml,20000,거창사과원예농협,"복분자,설탕,주정,정제수,과당",225,5
,산내울사과애주,4,4,3,2,16,0,기타주류,750ml,14000,거창사과원예농협,"사과,설탕,주정,정제수,과당",226,5
,산내울오미자주,2,3,3,2,16,0,기타주류,750ml,20000,거창사과원예농협,"오미자,설탕,주정,정제수,과당",227,5
,산막대덕주,3,1,1,2,13,0,"약주,청주",600ml,20000,농업회사법인신탄진주조(주),"국내산쌀,우리밀누룩",228,5
,산막생유막걸리,1,3,3,4,6,0,탁주,750ml,1200,농업회사법인신탄진주조(주),"국내산쌀,소맥분,종국,효모",229,5
,삼선,1,4,2,2,10,0,탁주,500ml,15000,농업회사법인두루(주),"국내산쌀,누룩,정제수",230,5
,삼양춘생약주,2,1,1,2,15,0,"약주,청주",500ml,20000,송도향전통주조,"강화섬쌀,전통누룩,정제수",231,5
,삼양춘생탁주,2,1,1,4,12.5,0,탁주,500ml,12000,송도향전통주조,"강화섬쌀,전통누룩,정제수",232,5
,삼양춘청주,3,4,2,3,15,0,"약주,청주",500ml,16800,송도향전통주조,"강화섬쌀,정제수,백국,황국,전통누룩,토종효모",233,5
,샤토미소랑,4,3,2,2,12,0,과실주,375ml,20000,도란원,청포도,234,5
,샤토미소레드프리미엄드라이,2,3,2,3,13,0,과실주,750ml,40000,도란원,포도,235,5
,샤토미소스위트,3,1,,3,12,0,과실주,750ml,20000,도란원,"포도,산화방지제,효모,설탕등",236,5
,샤토미소스위트로제,3,1,,2,12,0,과실주,375ml,20000,도란원,"포도,산화방지제,효모,설탕등",237,5
,샤토미소영동,,,,4,40,0,증류주,200ml,30000,도란원,포도,238,5
,샹스프랑보아즈,4,3,3,2,13,0,과실주,500ml,15000,(주)선운산복분자주흥진,"복분자,구연산,과당,구연산,아스파탐,주정,정제수",239,5
,서울의밤,,,,2,25,0,기타주류,375ml,7500,더한주류,"매실증류주원액,벌꿀,,노간주나무열매,정제수",240,5
,서주16,3,2,3,3,16,0,"약주,청주",400ml,22500,오대서주양조,"백미,감자,누룩,효모,정제수",241,5
,석로주,1,1,1,4,13,0,"약주,청주",720ml,34000,석이원주조,"국내산쌀,석이버섯,누룩,효모,정제수",242,5
,석탄주약주,1,3,2,3,15,0,"약주,청주",500ml,7000,케이소주(전주가양주연구소),"국내산찹쌀,누룩,정제수",243,5
,석탄주탁주,2,3,3,4,15,0,탁주,500ml,6000,케이소주(전주가양주연구소),"국내산찹쌀,누룩,정제수",244,5
,선운산복분자와인,4,4,3,2,13,0,과실주,300ml,6000,(주)선운산복분자주흥진,"복분자,구연산,과당,구연산,아스파탐,주정,정제수",245,5
,선운산복분자주,4,4,3,2,16,0,과실주,375ml,6250,(주)선운산복분자주흥진,"복분자,과당,구연산,아스파탐,무수아황산",246,5
,선운산복분자주프리미엄,4,3,3,2,19,0,과실주,700ml,40000,(주)선운산복분자주흥진,"복분자,과당,구연산,아스파탐,무수아황산",247,5
,선운산의아침복분자막걸리,2,2,1,4,6,0,탁주,750ml,2333,(농)국순당고창명주(주),"복분자,쌀,효모,국,과당,구연산,젖산,정제수",248,5
,선호생막걸리,2,3,3,3,6,1,탁주,750ml,1700,김포금쌀탁주영농조합법인,"국내산쌀,누룩,효모,정제효소,천연감미료,정제수",249,5
,설궁,2,,,2,30,0,기타주류,700ml,10000,솔래원,"자연산송이버섯,산양산삼,토종벌꿀",250,5
,설레온,2,,,3,40,0,증류주,375ml,20000,농업회사법인대윤가야곡주조(주),"쌀,누룩,효모,정제수",251,5
,설련주,2,4,2,3,16,0,"약주,청주",750ml,35000,영농조합법인석전상온전통주가,"백련,찹쌀,멥쌀,누룩",252,5
,설성만월막걸리,2,3,2,3,8,0,탁주,750ml,4000,병영주조장,"정제수,유기농쌀국내산,누룩,유기농올리고당등",253,5
,설하담,3,1,4,2,8,1,탁주,475ml,3900,리큐랩주식회사,"국내산멥쌀,개량누룩,정제수,이산화탄소",254,5
,성포생막걸리,3,3,3,3,6,0,탁주,750ml,1100,성포양조장,"쌀,소맥분,전분당,정제수,무농약미나리추출액,정제효소,종국,효모,아스파탐",255,5
,세우리,,,,4,45,0,증류주,700ml,250000,제주샘영농조합법인,"산양삼,하수오,구기자,쌀",256,5
,세종대왕어주약주,3,1,1,3,15,0,"약주,청주",500ml,25900,농업회사법인장희도가(주),"쌀,누룩,정제수",257,5
,세종대왕어주탁주,3,3,1,2,13,0,탁주,500ml,16900,농업회사법인장희도가(주),"쌀,누룩,정제수",258,5
,세종쌀막걸리,3,1,3,3,6,0,탁주,750ml,1500,조은술세종,"정제수,백미,소맥분,전분당,효모,젖산등",259,5
,세종알밤주,4,1,3,4,6,0,기타주류,750ml,1500,조은술세종,"정제수,백미,소맥분,알밤,전분당,효모,젖산등",260,5
,세종오가닉,1,3,,1,13,0,"약주,청주",375ml,9000,조은술세종,"정제수,유기농백미,국,효모,정제효소,구연산",261,5
,세종청주생막걸리,2,1,3,3,6,0,탁주,750ml,1500,조은술세종,"쌀,소맥분,국,조제종국,효모,물엿등",262,5
,소나무와학,4,,,4,43,0,증류주,750ml,39000,용두산조은술,"쌀,솔잎,황기,당귀,효모,아스파탐",263,5
,소백산검은콩막걸리,3,1,1,3,6,0,탁주,750ml,1800,대강양조장,"백미,소맥분,검은콩,검은깨등",264,5
,소백산생막걸리,2,3,2,4,6,0,탁주,750ml,1980,대강양조장,"쌀,정제수,소맥분,입국,효모등",265,5
,소백산생만찬주,2,2,2,2,6,0,탁주,750ml,1200,대강양조장,"정제수,쌀,소맥분,입국,효모,아스파탐등",266,5
,소백산오곡진상주,1,4,3,3,7,0,탁주,750ml,1500,대강양조장,"쌀,밀,보리,옥수수,조등",267,5
,소백산청동동주,2,1,2,2,10,0,"약주,청주","1,700ml",3000,대강양조장,"쌀,소맥분,누룩,주정,고과당,대추등",268,5
,소양강생막걸리,1,3,2,3,6,0,탁주,750ml,1200,소양강도가(구.천정양조장),"백미,소맥분,정제수,팽화미,아스파탐,물엿,정제수",269,5
,솔송주,2,1,,3,13,0,"약주,청주",375ml,7000,명가원영농조합법인,"정제수,백미,국내산송순농축액,누룩,조제종국,효모",270,5
,송명섭막걸리,1,3,3,3,6,0,탁주,900ml,3000,태인합동주조,"국내산쌀,곡자,정제수",271,5
,송이주,1,4,1,2,13,0,"약주,청주",375ml,12000,내국양조,"국내산쌀,송이농충액,누룩,정제수",272,5
,송화백일주,,,3,3,38,0,기타주류,500ml,45000,송화양조사,"쌀,찹쌀,누룩,산수유,오미자,구기자,솔잎,송화가루,꿀",273,5
,순향주,2,2,2,2,15,0,"약주,청주",375ml,18666,(주)농업회사법인추연당,"국내산쌀,누룩,정제수",274,5
,술공방9,3,2,1,3,9,1,탁주,500ml,5000,두이술공방,"쌀,밀누룩,국,효모,효소,올리고당",275,5
,술그리다생탁주,2,1,1,1,10,0,탁주,500ml,9000,농업회사법인(주)좋은술,"국내산쌀,누룩",276,5
,술샘이화주,4,1,0,1,8,0,탁주,100ml,6500,술샘,"쌀,누룩,정제수",277,5
,술아국화주,4,3,2,4,15,0,"약주,청주",375ml,18000,농업회사법인(주)술아원,"국내산찹쌀,누룩,건조국화꽃,증류주,정제수",278,5
,술아막걸리,3,4,3,4,8,0,탁주,450ml,7000,농업회사법인(주)술아원,"국내산찹쌀,누룩,정제수",279,5
,술아매화주,5,3,2,4,15,0,"약주,청주",375ml,18000,농업회사법인(주)술아원,"국내산찹쌀,누룩,건조매화꽃,증류주,정제수",280,5
,술아순곡주,5,3,2,5,20,0,"약주,청주",375ml,18000,농업회사법인(주)술아원,"국내산찹쌀,누룩,증류주,정제수",281,5
,술아연화주,5,3,2,4,15,0,"약주,청주",375ml,18000,농업회사법인(주)술아원,"국내산찹쌀,누룩,건조연화꽃,증류주,정제수",282,5
,술예쁘다생탁주,1,3,1,2,13,0,탁주,500ml,18000,농업회사법인(주)좋은술,"국내산쌀,누룩",283,5
,술취한원숭이,4,2,2,2,10.8,0,탁주,375ml,7000,술샘,"쌀,누룩,홍국,정제수",284,5
,술헤는밤,2,4,2,3,8,0,탁주,750ml,5900,농업회사법인두루(주),"국내산쌀,누룩,정제수",285,5
,스타베리오디와인,3,4,3,3,12,0,과실주,500ml,28000,(주)한국와인,양조용포도,286,5
,시나브로드글로리아,3,3,2,2,12,0,과실주,750ml,25000,불휘농장,포도,287,5
,시나브로레드드라이,2,3,3,3,12,0,과실주,750ml,25000,불휘농장,포도,288,5
,시나브로레드스위트,3,3,3,2,12,0,과실주,750ml,25000,불휘농장,포도,289,5
,시나브로로제와인,3,3,3,3,10,0,과실주,500ml,30000,불휘농장,포도,290,5
,시나브로에뚜왈로제스파클링와인,2,3,4,2,5,1,과실주,750ml,30000,불휘농장,포도,291,5
,시나브로에뚜왈스파클링,3,3,4,2,5,1,과실주,750ml,30000,불휘농장,포도,292,5
,시나브로화이트와인,4,4,4,3,11,0,과실주,500ml,30000,불휘농장,청포도,293,5
,시인의마을우리쌀막걸리,2,3,3,4,10,0,탁주,700ml,7900,이원양조장,"쌀,누룩,정제수,무감미료",294,5
,신례명주,,,4,4,50,0,증류주,750ml,99000,농업회사법인(주)시트러스,"감귤,감귤증류주",295,5
,신선주,3,3,2,4,16,0,"약주,청주",750ml,19000,용두산조은술,"쌀,능금,신선초,천궁,구기자,당귀솔잎,대추,인삼",296,5
,신선주백주,2,3,1,3,10,0,탁주,500ml,15000,농업회사법인(주)신선,"청원생명쌀,정제수,찹쌀,전통누룩,약재,숙지황,생지황)",297,5
,신선주약주,3,3,3,3,16,0,"약주,청주",500ml,25000,농업회사법인(주)신선,"찹쌀,전통누룩,약재,숙지황,생지황)",298,5
,신선주증류주,,4,,3,42,0,증류주,375ml,60000,농업회사법인(주)신선,"찹쌀,전통누룩,약재,숙지황,생지황)",299,5
,심플리애플,4,,,1,12,0,기타주류,350ml,9000,주식회사배혜정농업회사법인,"쌀,사과즙,벌꿀",300,5
,아이싱,3,1,1,3,4,0,탁주,300ml,1300,국순당,"쌀,자몽엑기스",301,5
,아이원막걸리,3,3,3,2,6,0,탁주,750ml,1000,이원양조장,"쌀,밀,입국,누룩,정제수",302,5
,아황주,1,3,1,3,17,0,"약주,청주",500ml,23000,최행숙전통주가,"찹쌀,멥쌀,누룩,정제수",303,5
,안동소주느낌19.8,,,,2,19.8,0,증류주,360ml,4000,농업회사법인명품안동소주(주),"백미,누룩,효모,정제수",304,5
,안동소주느낌30,,,,3,30,0,증류주,360ml,6500,농업회사법인명품안동소주(주),"백미,누룩,효모,정제수",305,5
,안동소주일품17,3,,,2,17,0,증류주,350ml,4000,안동소주일품,"국내산쌀,입국",306,5
,안동소주일품21,3,,,2,21,0,증류주,350ml,4500,안동소주일품,"국내산쌀,입국",307,5
,안동소주일품골드,3,,,3,40,0,증류주,500ml,18000,안동소주일품,"국내산쌀,입국",308,5
,안동소주필Feel,,,,3,40,0,증류주,500ml,25000,농업회사법인명품안동소주(주),"백미,누룩,효모,정제수",309,5
,안성맞춤생막걸리,3,2,3,2,6,0,탁주,"1,000ml",2000,한주양조,"국내산쌀,누룩,효모,젖산,정제효소,정제수",310,5
,안양동동주,3,3,3,3,6,0,탁주,800ml,1100,안양주조장,"쌀,찹쌀,전통누룩,정제수",311,5
,애석,4,1,3,3,15,0,"약주,청주",500ml,30000,농업회사법인두루(주),"국내산쌀,누룩,정제수",312,5
,애피소드상그리아,4,4,4,2,3.5,1,과실주,500ml,3500,(주)한국애플리즈,"포도와인,정제주정,정제수,포도농축액,고과당",313,5
,애피소드애플,4,4,4,2,3.5,1,과실주,500ml,3500,(주)한국애플리즈,"사과와인,정제주정,정제수,사과농축액,고과당",314,5
,애피소드호프,4,4,4,2,3.5,0,기타주류,500ml,3500,(주)한국애플리즈,"사과과즙,보리,쌀,홉",315,5
,야관문막걸리,1,3,2,1,6,0,탁주,750ml,1500,지리산그린영농조합운봉주조,"쌀,종국,정제수,누룩,효모,야관문",316,5
,양촌생동동주,2,3,2,2,10,0,탁주,750ml,2400,양촌양조,"정제수,백미,효소제,효모등",317,5
,양촌생막걸리,2,2,3,2,6,0,탁주,750ml,1500,양촌양조,"팽화미,소맥분,정제수,물엿,효소,국등",318,5
,어우야,,,,2,16,0,기타주류,365ml,9900,왕지케양조장(제주본초협동조합),"야관문,정제수,,효모",319,5
,여강,,,,3,25,0,증류주,375ml,20000,(주)농업회사법인추연당,"국내산쌀,누룩,정제수",320,5
,여포의꿈레드드라이,2,2,,2,12,0,과실주,750ml,20000,여포와인농장,국내산포도,321,5
,여포의꿈레드스위트,4,1,,3,12,1,과실주,750ml,20000,여포와인농장,국내산포도,322,5
,여포의꿈화이트,1,2,,2,12,0,과실주,375ml,20000,여포와인농장,국내산포도,323,5
,연천아주,2,4,3,3,8,0,탁주,750ml,6000,농업회사법인연천양조(주),"쌀,누룩,정제수",324,5
,연천연주,2,4,2,3,12,0,"약주,청주",500ml,15000,농업회사법인연천양조(주),"쌀,누룩,정제수",325,5
,연천우주,,,,3,22,0,증류주,360ml,8500,농업회사법인연천양조(주),"쌀,누룩,효모,효소,연천율무,정제수",326,5
,영일만친구막걸리,2,2,3,2,6,0,탁주,750ml,1666,동해명주,"국내산쌀,물엿,우뭇가사리,효모,조제종국,정제효소제,아스파탐,젖산",327,5
,예담은한산소곡주,4,1,1,3,16,0,"약주,청주",750ml,12000,한산예담은소곡주,"찹쌀,멥쌀,누룩,대두,구절초",328,5
,예담은한산소곡화주,3,,,3,41,0,증류주,500ml,30000,한산예담은소곡주,"찹쌀,멥쌀,누룩,대두,구절초",329,5
,예밀와인레드드라이,1,1,2,3,13,0,과실주,750ml,20000,예밀2리영농조합법인,포도,330,5
,예밀와인로제,1,1,2,3,12,0,과실주,750ml,20000,예밀2리영농조합법인,포도,331,5
,예밀와인레드스위트,4,1,2,3,12,0,과실주,750ml,20000,예밀2리영농조합법인,포도,332,5
,예주,1,3,1,3,15,0,과실주,750ml,29000,용두산조은술,"복분자,주정,효모,정제수",333,5
,예천주복만월24,,,,2,24,0,증류주,350ml,12800,농업회사법인(주)착한농부,"복분자증류원액,복분자과즙,정제수",334,5
,예천주복만월40,,,,4,40,0,증류주,350ml,19200,농업회사법인(주)착한농부,"복분자증류원액,복분자과즙,정제수",335,5
,예천주사월24,,,,2,24,0,증류주,375ml,22000,농업회사법인(주)착한농부,"오미자증류원액,건오미자추출액,정제수",336,5
,예천주사월36.5,,,,2,36.5,0,증류주,375ml,29000,농업회사법인(주)착한농부,"오미자증류원액,건오미자추출액,정제수",337,5
,예화,2,1,1,3,13,0,"약주,청주",750ml,10000,농업회사법인대윤가야곡주조(주),"쌀,누룩,효모,물엿,정제수",338,5
,옛날막걸리古,2,2,1,4,7.8,0,탁주,750ml,2700,국순당,"배정제수,쌀,국,과당,효모/에탄올함량:",339,5
,오디랑,3,1,,1,13,0,과실주,330ml,4000,국순당고창명주,"오디,정제수,과당,주정,구연산,효모",340,5
,오매백주,5,1,1,1,12,0,탁주,500ml,5000,농업회사법인오산양조(주),"쌀,국,효모,정제수",341,5
,오메기맑은술,1,5,1,3,16,0,"약주,청주",500ml,25000,제주술익는집,"좁쌀,햅쌀,정제수,누룩",342,5
,오메기술,2,2,1,3,13,0,"약주,청주",375ml,13000,제주샘영농조합법인,"쌀,차조,입국,누룩,효모,효소,청호,조릿대,감초,정제수",343,5
,오매락퍽,3,,,4,40,0,기타주류,500ml,52000,(주)배상면주가,"구운매실,배증류원액",344,5
,오목대,2,3,4,3,5,0,기타주류,1000ml,9000,농업회사법인동문거리양조장(주)(전주술로시티),"보리,맥아,말토텍스트린,호프펠렛,효모,정제효소제,정제수",345,5
,오미로제프리미어와인,3,4,4,4,12,0,과실주,750ml,39000,농업회사법인(주)제이엘,오미자,346,5
,오미시앙스페셜,1,3,,2,12,0,과실주,500ml,10000,알에프,"오미자,주정,설탕,효모",347,5
,오산막걸리,2,4,2,3,6,0,탁주,500ml,3000,농업회사법인오산양조(주),"쌀,국,효모,정제수",348,5
,오희스파클링막걸리,1,3,3,2,8.5,1,탁주,500ml,18000,문경주조,"백미,건오미자,조효소제,효모,정제수",349,5
,왕율주,,,,3,25,0,증류주,330ml,8000,농업회사법인사곡양조원,"국내산쌀,밤,누룩,정제수",350,5
,왕피천을품은미소생막걸리,3,3,3,2,7,0,탁주,750ml,1200,울진술도가,"쌀,누룩,정제수",351,5
,우곡생주,4,2,2,5,10,0,탁주,750ml,6500,배혜정도가,"쌀,국,효모,정제수",352,5
,우도땅콩전통주,4,1,3,3,6,0,기타주류,750ml,4000,조은술세종,"정제수,전분당,백미,국,땅콩분,효모,젖산등",353,5
,우렁이쌀손막걸리,4,1,3,2,7.5,0,탁주,750ml,2600,양촌양조,"쌀,정제수효모,정제효소,효소처리스테비아",354,5
,운암1945,3,3,,3,12,0,"약주,청주",750ml,28000,농업회사법인우포의아침주식회사,"쌀,누룩,정제수",355,5
,원매,,,,3,15,0,기타주류,750ml,35000,더한주류,"매실원주액,매실청,꿀,카라멜,효소처리스테비아,정제수",356,5
,원매프리미엄,2,,,4,20,0,기타주류,700ml,45000,더한주류,"매실주원액,발효주정,정제수,꿀",357,5
,원조소곡화주,,,,2,41,0,증류주,300ml,14000,원조소곡주,"찹쌀,멥쌀,누룩",358,5
,원조한산소곡주,3,1,4,2,16,0,"약주,청주",750ml,12000,원조소곡주,"찹쌀,멥쌀,누룩,대두,구절초",359,5
,월매쌀막걸리,2,2,3,1,6,0,탁주,350ml,1200,서울장수주식회사,"백미,말토올리고당,정제수",360,5
,유기농이도14,3,3,3,2,14,0,"약주,청주",750ml,20000,농업회사법인조은술세종(주),"유기농쌀,우리밀누룩,조제종국,효모,정제수",361,5
,유기농이도42,2,0,0,3,42,0,증류주,750ml,42000,조은술세종,"유기농쌀,정제수,증류원액,국,조제종국,효모등",362,5
,유자동동주,2,3,3,3,6,0,탁주,750ml,1100,성포양조장,"쌀,소맥분,전분당,정제수,유자과즙,치자,정제효소,종국,효모,젖산,아스파탐",363,5
,유자생막걸리,2,3,3,5,5,0,탁주,750ml,1800,배혜정도가,"쌀,유자,정제수,고과당,효모등",364,5
,율무동동주,2,4,3,4,14,0,탁주,750ml,14000,농업회사법인연천양조(주),"쌀,누룩,효모,연천율무,정제수",365,5
,은자골곶감생탁배기,1,1,3,5,6,0,탁주,750ml,1500,은척양조장,"백미,소맥분,정제수,곶감분말,전분당,국,누룩,효소,아스파탐등",366,5
,은자골생탁배기,1,3,3,3,5,0,탁주,750ml,1500,은척양조장,"백미,소맥분,정제수,전분당,국,누룩,효소,아스파탐등",367,5
,이강주19,2,0,2,4,19,0,기타주류,375ml,4500,전주이강주,"쌀,소맥분,정맥,배,생강,계피,울금,꿀",368,5
,이강주25,2,0,2,2,25,0,기타주류,750ml,28000,전주이강주,"쌀,소맥분,정맥,배,생강,계피,울금,꿀",369,5
,이도32,2,,,2,32,0,증류주,750ml,37000,조은술세종,"물,증류원액",370,5
,이동생쌀막걸리,1,3,3,4,6,0,탁주,750ml,1300,이동주조,"정제수,백미,팽화미,입국,아스파탐등",371,5
,이동쌀막걸리,3,1,1,3,6,0,탁주,"1,200ml",1600,이동주조,"정제수,백미,팽화미,입국,아스파탐등",372,5
,이상헌약주,3,3,3,3,18,0,"약주,청주",500ml,45000,이가수불,"아산쌀,국,정제수",373,5
,이상헌탁주,2,3,3,3,19,0,탁주,500ml,25000,이가수불,"아산쌀,국,정제수",374,5
,이화백주,3,3,4,3,6,0,탁주,940ml,12000,이화백주순탁주,"국내산햅쌀,전통누룩,정제수",375,5
,인천생소성주,1,2,1,2,6,0,탁주,750ml,1200,인천탁주,"쌀,팽화미,정제수,국,효모,아스파탐,효소,이소말토올리고당",376,5
,입장탁주,2,2,2,2,6,0,탁주,750ml,1200,농업회사법인입장주조㈜,"쌀,정제수,고과당,효모등",377,5
,자두와인레드,2,3,2,2,12,0,과실주,750ml,22000,자두사랑,피자두,378,5
,자두와인화이트,2,3,2,4,12,0,과실주,750ml,22000,자두사랑,후무사,379,5
,자연담은복분자막걸리,2,1,1,5,6,0,탁주,360ml,2800,(농)국순당고창명주(주),"복분자,쌀,효모,국,과당,구연산,젖산,정제수",380,5
,자연송이주,1,,,1,18,0,기타주류,720ml,16000,솔래원,자연송이버섯,381,5
,자희향국화주,1,2,1,4,15,0,"약주,청주",500ml,20000,자희자양,"찹쌀,멥쌀,누룩,정제수,국화",382,5
,자희향나비생탁주,2,1,2,2,8,0,탁주,500ml,8000,자희자양,"찹쌀,멥쌀,누룩,정제수",383,5
,자희향탁주,2,2,1,3,12,0,탁주,500ml,16000,자희자양,"찹쌀,멥쌀,누룩,정제수",384,5
,장수생막걸리,2,3,3,3,6,0,탁주,750ml,1200,서울장수주식회사,"백미,말토올리고당",385,5
,장수오미자주,3,4,4,3,16.5,0,과실주,360ml,5400,농업회사법인(주)알에프,"오미자,정제수,주정,설탕,효모",386,5
,장홍삼장수막걸리,1,4,3,5,6,0,탁주,750ml,2000,서울장수주식회사,"백미,말토올리고당,홍삼분말",387,5
,정고집나주배약주15,4,2,3,2,15,0,"약주,청주",500ml,20000,남도탁주,"쌀,쌀가루,배착즙액,정제효소제,종국,젖산,효모",388,5
,정고집나주배약주9,4,2,3,3,9,0,"약주,청주",500ml,18000,남도탁주,"쌀,쌀가루,배착즙액,정제효소제,종국,젖산,효모",389,5
,정고집나주쌀생막걸리,3,3,3,3,6,0,탁주,750ml,1200,남도탁주,"쌀,쌀가루,조제종국,정제효소,젖산,아스파탐,아세셀팜칼",390,5
,정고집옛날생동동주,3,3,4,3,6,0,탁주,750ml,1800,남도탁주,"쌀,쌀가루,조제종국,정제효소,젖산,아스파탐,아세셀팜칼",391,5
,제주고소리술,,,,3,40,0,증류주,400ml,45000,제주술익는집,"잡곡,누룩,정제수",392,5
,젤코바스페셜,2,4,2,3,11.5,0,과실주,375ml,17000,농업회사법인(주)젤코바와이너리,"국내산산머루,MBA포도",393,5
,젤코바캠벨와인,3,4,2,3,13.5,0,과실주,750ml,62500,농업회사법인(주)젤코바와이너리,"유기농캠벨포도,유기농설탕",394,5
,젤코바프리미엄와인,1,4,2,4,12,0,과실주,500ml,33000,농업회사법인(주)젤코바와이너리,"국내산산머루,MBA포도",395,5
,조선주조사,3,3,2,3,14,0,"약주,청주",300ml,4000,농업회사법인우포의아침(주),"쌀,입국,누룩,주정,정제수",396,5
,조은술세종바나나주,3,1,3,4,4,0,기타주류,750ml,1700,조은술세종,"쌀,국,정제수,바나나농축액,조제종국,효모,물엿등",397,5
,주몽복분자주,3,1,1,3,16,0,기타주류,375ml,5000,농업회사법인(유)술소리,"쌀,복분자",398,5
,주산지막걸리,2,1,2,2,6,0,탁주,750ml,1200,청송양조장,"쌀,밀가루,누룩,입국,효모,고과당,물엿,아스파탐,삭카린나트륨,정제수",399,5
,주시락톡쏘는복분자막걸리,5,1,3,5,6,0,탁주,750ml,1800,가평우리술,"쌀,정제수,쌀입국,복분자원액,효모등",400,5
,죽력고,,,,3,32,0,증류주,700ml,60000,태인합동주조,"국내산쌀,죽력,누룩,정제수",401,5
,죽향생막걸리,1,2,4,1,6,0,탁주,750ml,2000,농업회사법인(주)죽향도가,"쌀,정제효소,젖산,효모,아스파탐,정제수",402,5
,줄포생막걸리,2,2,3,4,6,0,탁주,750ml,1200,내변산(동진주조),"쌀,종국정제수,누룩,효모,아스파탐",403,5
,지란지교무화과탁주,4,4,1,4,12,0,탁주,500ml,15000,(유)친구들의술지란지교,"찹쌀,멥쌀,전통누룩,정제수,무화과청,레드비트분말,밀함유",404,5
,지란지교약주,4,4,,4,17,0,"약주,청주",375ml,20000,(유)친구들의술지란지교,"찹쌀·멥쌀,전통누룩,정제수,밀함유",405,5
,지란지교탁주,4,4,1,4,13,0,탁주,500ml,15000,(유)친구들의술지란지교,"탁주찹쌀,멥쌀,누룩,정제수",406,5
,지리산정담생막걸리,1,3,2,1,6,0,탁주,750ml,1500,지리산그린영농조합운봉주조,"쌀,종국,정제수,누룩,효모",407,5
,지리산허브잎술,1,2,2,1,6,0,탁주,750ml,1500,지리산그린영농조합운봉주조,"쌀,종국,정제수,누룩,효모,국내산허브",408,5
,지장수생막걸리,3,2,3,3,6,0,탁주,750ml,1300,낙천,"정제수,쌀,효모,누룩,과당등",409,5
,지장수호박막걸리,2,1,1,2,6,0,탁주,550ml,5000,낙천,"정제수,쌀,효모,누룩,과당등",410,5
,지장수호박생막걸리,3,1,2,2,6,0,탁주,750ml,1400,낙천,"정제수,쌀,효모,누룩,과당등",411,5
,지평생쌀막걸리,4,1,4,2,5,0,탁주,1.7L,2700,지평주조,"쌀,정제수,국,효모,정제효소등",412,5
,지평생옛막걸리,4,1,2,2,5,0,탁주,1.7L,2500,지평주조,"밀,정제수,국,분말종국,효모,정제효소등",413,5
,진도홍주루비콘,3,,,3,40,0,기타주류,375ml,10000,대대로영농조합법인,"쌀,누룩,지초,정제수",414,5
,진맥소주22,,,,2,22,0,증류주,375ml,22000,농업회사법인(주)밀과노닐다,유기농우리밀,415,5
,진맥소주40,,,,2,40,0,증류주,200ml,22000,농업회사법인(주)밀과노닐다,유기농우리밀,416,5
,진맥소주53,,,,3,53,0,증류주,200ml,39000,농업회사법인(주)밀과노닐다,유기농우리밀,417,5
,진심홍삼인삼주19,1,0,0,3,19,0,증류주,375ml,7000,태평주가,"쌀,정제주정,인삼침출액,홍삼농축액,고과당등",418,5
,진심홍삼인삼주38,1,0,0,2,38,0,증류주,750ml,70000,태평주가,"쌀,정제주정,인삼침출액,홍삼농축액,고과당등",419,5
,진심홍삼주19,3,1,1,2,19,0,증류주,375ml,3000,태평주가,"쌀,정제주정,인삼침출액,홍삼농축액,고과당등",420,5
,진쾌남,,,,3,25,0,기타주류,330ml,8500,농업회사법인사곡양조원,"국내산쌀,밤,누룩,구기자,오미자,산수유,오가피,동충하초,정제수",421,5
,찰막걸리,2,2,3,2,5.5,0,탁주,750ml,1500,(주)1932포천일동막걸리,"정제수,쌀,밀가루,찹쌀,입국,효모정제효소제,아스파탐",422,5
,창원생탁주,3,3,3,3,6,0,탁주,750ml,1000,농업회사법인우포의아침(주),"쌀,누룩,효소,아스파탐,정제수",423,5
,천년담주,2,1,1,4,15,0,"약주,청주",500ml,10000,농업회사법인(주)죽향도가,"백미,벌꿀,정제수",424,5
,천년전주생막걸리,1,1,2,3,6,0,탁주,750ml,1300,(유)산에들에농업회사법인,"정제수,쌀,소맥분,수쿠랄로스,효모,젖산,정제효소",425,5
,천년주,,,,2,25,0,증류주,375ml,15000,농업회사법인(주)영덕주조,"쌀,천년초,조효소제,효모,젖산,정제효소,구연산,정제수",426,5
,천등산차례주,3,2,2,3,11,0,"약주,청주",700ml,5900,고헌정영농조합법인,"쌀,구연산,효모,젖산,정제효소제,국,주정,정제수",427,5
,천마몽,3,,,3,38,0,기타주류,375ml,15000,덕유양조,"쌀,누룩,효모,천마,정제수",428,5
,천마이야기,2,2,2,5,6,0,탁주,750ml,1500,농업회사법인산들벗(주),"팽화미,입국미,무주천마분말,오미자추출액",429,5
,천매,2,,,4,30,0,기타주류,600ml,130000,더한주류,"매실주원액,발효주정,정제수,꿀",430,5
,천비향오양주약주,2,2,1,3,16,0,"약주,청주",500ml,40000,농업회사법인(주)좋은술,"국내산쌀,누룩",431,5
,천비향오양주탁주,2,2,1,3,14,0,탁주,500ml,18000,농업회사법인(주)좋은술,"국내산쌀,누룩",432,5
,천비향화주,,,,2,40,0,증류주,375ml,50000,농업회사법인(주)좋은술,"국내산쌀,누룩",433,5
,천안연미주,2,3,4,2,13,0,"약주,청주",360ml,5000,농업회사법인입장주조㈜,"백미,한약재홍삼외가지",434,5
,천지주가햅쌀생막걸리,3,2,2,5,6,0,탁주,750ml,1400,(유)산에들에농업회사법인,"쌀,정제수,국,효모등",435,5
,청남대블루베리생막걸리,3,2,3,2,6,1,탁주,750ml,3000,농업회사법인명세주가(주),"국내산쌀,블루베리엑기스,효모,조효소재,물엿,아스파탐,정제수",436,5
,청명주,4,4,2,4,17,0,"약주,청주",500ml,23000,중원당,"국내산찹쌀,누룩,소맥분",437,5
,청산녹수꿀막걸리,1,2,3,4,8,0,탁주,750ml,1500,농업회사법인(주)청산녹수,"쌀,벌꿀,사과농축액,효모,정제효소",438,5
,청산녹수사미인주,2,2,4,3,8,0,탁주,750ml,4000,농업회사법인(주)청산녹수,"유기농햅쌀,벌꿀,입국,누룩,효모,정제수",439,5
,청산녹수생탁주,1,3,3,3,6,0,탁주,750ml,1000,농업회사법인(주)청산녹수,"쌀,사과농축액,효모,정제효소",440,5
,청세주,3,1,1,4,18,0,"약주,청주",375ml,4000,병영주조장,쌀,441,5
,청송얼음골동동주,2,3,4,2,6,0,탁주,"1,200ml",1800,청송양조장,"쌀,밀가루,누룩,입국,효모,아스파탐,청송사과액즙,정제수",442,5
,청송주왕사과막걸리,2,3,4,2,6,0,탁주,750ml,1500,청송양조장,"쌀,밀가루,누룩,입국,효모,아스파탐,청송사과액즙,정제수",443,5
,청양둔송구기주,3,1,1,2,16,0,"약주,청주",700ml,11500,청양둔송구기주,"쌀,누룩,구기자,감초,두충껍질",444,5
,청진주,2,2,1,1,16,0,"약주,청주",375ml,30000,전통주연구개발원,"찹쌀,누룩,정제수",445,5
,청춘,2,2,1,3,15,0,"약주,청주",750ml,20000,농업회사법인신탄진주조(주),"쌀,누룩,정제수",446,5
,초선의꿈로제,1,3,,2,12,0,과실주,375ml,20000,여포와인농장,국내산포도,447,5
,추사40,,,,3,40,0,증류주,500ml,60000,예산사과와인(주),사과,448,5
,추사로제,2,3,2,1,12,0,과실주,375ml,20000,예산사과와인(주),사과,449,5
,추사백25,3,,,2,25,0,증류주,350ml,12000,예산사과와인,"증류원액,정제수",450,5
,추사블루,3,1,2,3,12,0,과실주,375ml,20000,예산사과와인(주),블루베리,451,5
,추사애플와인,3,1,2,3,12,0,과실주,375ml,20000,예산사과와인(주),사과,452,5
,추성주,2,0,3,2,25,0,증류주,700ml,80000,추성고을,"쌀,정제수,누룩,오미자,구기자,상심자,갈근",453,5
,추시와인,3,2,2,3,12.5,0,기타주류,750ml,16000,양촌감영농조합법인,감,454,5
,충주백주,,,,3,35,0,증류주,375ml,7800,고헌정영농조합법인,"쌀증류원액,당귀,아스파탐,아세설팜K,구연산,정제수",455,5
,컨츄리산머루와인드라이,1,3,,3,14,0,과실주,750ml,20000,컨츄리농원,국산산머루원액,456,5
,컨츄리산머루와인스위트,2,3,,2,12,0,과실주,750ml,20000,컨츄리농원,국산산머루원액,457,5
,컨츄리와인캠벨얼리스위트,3,1,,3,12,0,과실주,750ml,15000,컨츄리농원,국산포도원액,458,5
,코이버펑크머스캣베일리에이,3,3,3,4,12,0,과실주,750ml,65000,코이버펑크,와이너리재배포도,459,5
,코이버펑크샤르도네세미용블랜드,2,4,4,3,11,0,과실주,750ml,65000,코이버펑크,와이너리재배포도,460,5
,코이버펑크카베르네소비뇽,1,2,2,3,12,0,과실주,750ml,65000,"고성찬,이금자,정재학",코이버펑크,461,5
,쿨샷7.5,3,1,2,2,7.5,0,과실주,300ml,3000,농업회사법인고창선운산(유),"복분자과실,주정,효모,구연산,정제수",462,5
,크라테레드와인드라이,2,2,3,3,11.5,0,과실주,750ml,48000,수도산와이너리,산머루,463,5
,크라테레드와인스위트,4,2,3,1,11.5,0,과실주,750ml,48000,수도산와이너리,산머루,464,5
,크라테로제와인,4,1,3,3,11.5,0,과실주,375ml,18000,수도산와이너리,산머루,465,5
,타미앙스,1,1,2,4,40,0,증류주,500ml,50000,추성고을,"쌀,정제수,누룩,오미자,구기자,상심자,갈근",466,5
,톡쏘는알밤동동,4,1,3,3,6,0,기타주류,350ml,1300,가평우리술,"쌀,정제수,입국,밤농축액,밤추출물등",467,5
,톡한잔골드,3,,,4,43,0,기타주류,500ml,49000,농업회사법인(유)대마주조,"찰보리,쌀,민들레분말,볶음보리",468,5
,톡한잔소주,2,,,3,30,0,증류주,500ml,10000,농업회사법인(유)대마주조,"찰보리,쌀",469,5
,티나Tina,,,,5,16,0,기타주류,750ml,54000,추성고을,"딸기추출물,죽력,정제수,주정,액상과당,구연산,딸기향,망고향",470,5
,펀치쌀바나나,3,1,2,4,4,1,기타주류,750ml,2000,내변산(동진주조),"쌀,바나나농축액,효모,종곡,정제수,합성착향료,합성감미료",471,5
,편백숲산소막걸리,3,3,3,3,5.2,0,탁주,750ml,1900,농업회사법인(주)청산녹수,"멥쌀,올리고당,사과농축액,누룩,아스파탐",472,5
,편백숲산소막걸리딸기스파클링,3,2,5,3,6.8,1,탁주,940ml,41000,농업회사법인(주)청산녹수,"멥쌀,찹쌀,누룩,딸기,올리고당",473,5
,편백숲산소막걸리순수령,3,1,1,4,5.8,0,탁주,750ml,4000,농업회사법인(주)청산녹수,"멥쌀,찹쌀,누룩",474,5
,평창머루주,1,3,1,4,16,0,과실주,360ml,6500,농업회사법인(주)홍지원,국내산산머루,475,5
,평창오디주,1,3,1,3,16,0,과실주,360ml,6500,농업회사법인(주)홍지원,국내산오디,476,5
,포엠레드드라이와인,2,3,2,4,12,0,과실주,750ml,25000,갈기산포도농원(주)농업회사법인,"포도,머루",477,5
,포엠레드스위트와인,4,3,3,3,12,0,과실주,750ml,25000,갈기산포도농원(주)농업회사법인,포도,478,5
,포엠로제와인,4,3,3,3,12,0,과실주,750ml,35000,갈기산포도농원(주)농업회사법인,포도,479,5
,포엠화이트와인,4,4,4,3,12,0,과실주,750ml,35000,갈기산포도농원(주)농업회사법인,청포도,480,5
,풍남문,2,3,4,2,5,0,기타주류,1000ml,9000,농업회사법인동문거리양조장(주)(전주술로시티),"보리,맥아,호프펠렛,효모,정제효소제,정제수",481,5
,풍정사계동,2,,,3,25,0,증류주,375ml,25000,농업회사법인(유)화양,"국내산찹살,향온곡",482,5
,풍정사계추,1,2,1,4,12,0,탁주,500ml,15000,농업회사법인(유)화양,"국내산찹살,향온곡",483,5
,풍정사계춘,2,1,1,3,15,0,"약주,청주",500ml,30000,농업회사법인(유)화양,"국내산찹살,향온곡",484,5
,풍정사계하,4,1,1,3,18,0,"약주,청주",500ml,35000,농업회사법인(유)화양,"국내산찹살,향온곡",485,5
,하향주,3,3,1,4,17,0,"약주,청주",750ml,45000,하향주가영농조합법인,"국내산찹쌀,누룩,정제수",486,5
,하향주증류주,,,,4,45,0,증류주,700ml,70000,하향주가영농조합법인,"국내산찹쌀,누룩,정제수",487,5
,한비동충하초술,,,,4,35,0,기타주류,375ml,30000,제천한약영농조합법인,"국내산쌀,누룩,가시오가피뿌리,동충하초,정제수",488,5
,한비무병장수술,,,,4,35,0,기타주류,375ml,30000,제천한약영농조합법인,"국내산쌀,흑삼,인삼,오가피,오미자,구기자,복분자,차전자,토사자,산수유",489,5
,한비쌀소주,,,,2,40,0,증류주,375ml,30000,제천한약영농조합법인,"국내산쌀,누룩,정제수",490,5
,한비오가피술,,,,3,35,0,기타주류,375ml,30000,제천한약영농조합법인,"국내산쌀,누룩,가시오가피뿌리,정제수",491,5
,한산소곡주,3,1,,4,18,0,"약주,청주",360ml,6500,한산소곡주,"찹쌀,누룩,백미,정제수,야국,메주콩,생강,홍고추",492,5
,한스오차드사과와인,4,3,2,2,11,0,과실주,750ml,20000,(주)한국애플리즈,국산사과원액,493,5
,한시울,,,,4,40,0,증류주,500ml,18000,농업회사법인명세주가(주),"국내산쌀,누룩,효모,구연산,정제수",494,5
,한주,,,,3,35,0,증류주,360ml,12000,한주양조,"국내산쌀,밀누룩,정제수",495,5
,해미읍성딸기와인,3,2,1,3,12,0,과실주,500ml,20000,농업회사법인해미읍성딸기와인(주),"해미딸기,아황산염,소르빈산염",496,5
,해미읍성매실와인,5,1,2,4,12,0,과실주,500ml,20000,농업회사법인해미읍성딸기와인(주),"매실,아황산염,소르빈산염",497,5
,해미읍성모과와인,3,2,2,3,12,0,과실주,500ml,20000,농업회사법인해미읍성딸기와인(주),"모과,아황산염,소르빈산염",498,5
,해미읍성살구와인,3,2,2,3,12,0,과실주,500ml,20000,농업회사법인해미읍성딸기와인(주),"살구,아황산염,소르빈산염",499,5
,해방주18.8,,,,2,18.8,0,증류주,375ml,12000,농업회사법인(주)영덕주조,"쌀,해방풍,조효소제,효모,젖산,정세효소제,구연산",500,5
,해방주38,,,,3,38,0,증류주,800ml,45000,농업회사법인(주)영덕주조,"쌀,해방풍,조효소제,효모,젖산,정제효소제,구연산",501,5
,해창12도생막걸리,1,1,2,2,12,0,탁주,900ml,10000,해창주조장,"햅쌀,찹쌀,물,누룩",502,5
,해창9도생막걸리,1,1,2,2,9,0,탁주,900ml,6000,해창주조장,"햅쌀,찹쌀,물,누룩",503,5
,해창찹쌀생막걸리,1,1,3,2,6,0,탁주,900ml,3000,해창주조장,"햅쌀,찹쌀,물,누룩",504,5
,해파랑,3,1,1,3,13,0,"약주,청주",375ml,10000,농업회사법인(주)영덕주조,"쌀,해방풍,계량누룩,젖산,이소말토올리고당,정제수",505,5
,햇찹쌀이하늘수,3,3,3,3,6,0,탁주,500ml,1100,안양주조장,"쌀,찹쌀,전통누룩,정제수",506,5
,행운막걸리,3,1,1,4,6,0,탁주,750ml,1100,성포양조장,"쌀,소맥분,전분당,정제수,정제효소,종국,효모,젖산,아스파탐",507,5
,행운주,2,2,2,2,12,0,"약주,청주",750ml,9000,성포양조장,"백미,밀누룩,정제수,종국,효모,아스파탐",508,5
,향수우리밀막걸리,2,3,3,5,9,0,탁주,700ml,7900,이원양조장,"우리밀,누룩,정제수,무감미료",509,5
,허니문와인,4,2,2,2,10,0,기타주류,375ml,35000,아이비영농조합법인,국내산벌꿀,510,5
,허니비와인,3,1,1,4,8,0,기타주류,500ml,35000,아이비영농조합법인,국내산벌꿀,511,5
,호담,2,,,2,20,0,기타주류,300ml,18000,대농바이오우리산삼,"산양산삼,정제수,주정",512,5
,호담산양산삼막걸리,1,3,3,1,6,0,탁주,750ml,1800,대농바이오우리산삼,"쌀,입국,산양산삼,정제수,아스파탐",513,5
,호담산양산삼주,1,1,1,3,13,0,"약주,청주",375ml,4000,대농바이오우리산삼,"산양산삼,정제주,주정",514,5
,호땅,3,1,2,4,6,0,기타주류,750ml,2700,배혜정도가,"쌀,국,효모,정제수,땅콩",515,5
,호랑이생막걸리,4,1,2,2,6,0,탁주,750ml,2200,배혜정도가,"쌀,정제수,국,효모,젖산등",516,5
,호모루덴스,1,2,2,4,12,0,탁주,500ml,12000,농업회사법인(주)산수,"쌀,누룩,정제수",517,5
,혼디주,4,3,3,2,12,0,과실주,330ml,8000,농업회사법인(주)시트러스,"감귤,정제수,백설탕,구연산,무수아황산",518,5
,홍로,,,,2,45,0,증류주,500ml,50000,영농조합법인석전상온전통주가,"백련,찹쌀,멥쌀,누룩,자초",519,5
,홍삼명주,1,3,,1,14,0,기타주류,375ml,12000,자연과인삼,"홍삼추출액,효모,정백당,정제수",520,5
,홍천강탁주,2,3,2,4,11,0,탁주,500ml,10000,예술,"홍천쌀,정제수,국",521,5
,화주,,,,1,25,0,증류주,375ml,13000,내국양조,"국내산쌀,홍삼농축액,정제수",522,5
,황금보리소주17,,,,2,17,0,증류주,375ml,5000,황금보리(유)농업회사법인,"보리,누룩,정제수",523,5
,황금보리소주25,,,,2,25,0,증류주,375ml,8500,황금보리(유)농업회사법인,"보리,누룩,정제수",524,5
,황금보리소주40,,,,3,40,0,증류주,375ml,15700,황금보리(유)농업회사법인,"보리,누룩,정제수",525,5
,황진이,3,2,1,3,12,0,"약주,청주",375ml,3500,농업회사법인(유)술소리,"쌀,오미자,산수유",526,5
,황칠주,,,,2,16,0,기타주류,365ml,9900,왕지케양조장(제주본초협동조합),"황칠나무잎,정제수,,효모",527,5
,회곡생동동주,3,2,3,3,7,0,탁주,"1,200ml",1300,회곡양조장,"쌀,입국,누룩,아스파탐,효모,정제수,아세설팜칼륨",528,5
,회곡생막걸리,2,2,2,4,6,0,탁주,750ml,1300,회곡양조장,"쌀,입국,누룩,아스파탐,효모,정제수,아세설팜칼륨",529,5
,흑돈주,,,,2,16,0,기타주류,365ml,12000,왕지케양조장(제주본초협동조합),"황칠나무,정제수,,효모",530,5
,희양산막걸리15,3,4,1,5,15,0,탁주,500ml,9500,두술도가,"쌀,누룩,정제수",531,5
,희양산막걸리9,2,3,2,3,9,0,탁주,750ml,8000,두술도가,"쌀,누룩,정제수",532,5
